sides,defector,cooperator,radio,pay,factor,tolerance,info_seed,info_generations,status_undetermined
40,0.2,0.8,1,1,1.3,43,0,2,True
40,0.2,0.8,1,1,1.3,43,1,2,True
40,0.2,0.8,1,1,1.3,43,2,2,True
40,0.2,0.8,1,1,1.3,43,3,3,True
40,0.2,0.8,1,1,1.3,43,4,3,True
40,0.2,0.8,1,1,1.3,43,5,3,True
40,0.2,0.8,1,1,1.3,43,6,1,True
40,0.2,0.8,1,1,1.3,43,7,4,True
40,0.2,0.8,1,1,1.3,43,8,1,True
40,0.2,0.8,1,1,1.3,43,9,2,True
40,0.2,0.8,1,1,1.3,43,10,1,True
40,0.2,0.8,1,1,1.3,43,11,2,True
40,0.2,0.8,1,1,1.3,43,12,1,True
40,0.2,0.8,1,1,1.3,43,13,3,True
40,0.2,0.8,1,1,1.3,43,14,3,True
40,0.2,0.8,1,1,1.3,43,15,2,True
40,0.2,0.8,1,1,1.3,43,16,2,True
40,0.2,0.8,1,1,1.3,43,17,2,True
40,0.2,0.8,1,1,1.3,43,18,2,True
40,0.2,0.8,1,1,1.3,43,19,1,True
40,0.2,0.8,1,1,1.3,43,20,4,True
40,0.2,0.8,1,1,1.3,43,21,2,True
40,0.2,0.8,1,1,1.3,43,22,2,True
40,0.2,0.8,1,1,1.3,43,23,1,True
40,0.2,0.8,1,1,1.3,43,24,1,True
40,0.2,0.8,1,1,1.3,43,25,1,True
40,0.2,0.8,1,1,1.3,43,26,2,True
40,0.2,0.8,1,1,1.3,43,27,3,True
40,0.2,0.8,1,1,1.3,43,28,2,True
40,0.2,0.8,1,1,1.3,43,29,3,True
40,0.2,0.8,1,1,1.3,43,30,2,True
40,0.2,0.8,1,1,1.3,43,31,3,True
40,0.2,0.8,1,1,1.3,43,32,6,True
40,0.2,0.8,1,1,1.3,43,33,3,True
40,0.2,0.8,1,1,1.3,43,34,1,True
40,0.2,0.8,1,1,1.3,43,35,2,True
40,0.2,0.8,1,1,1.3,43,36,1,True
40,0.2,0.8,1,1,1.3,43,37,2,True
40,0.2,0.8,1,1,1.3,43,38,2,True
40,0.2,0.8,1,1,1.3,43,39,1,True
40,0.2,0.8,1,1,1.3,43,40,2,True
40,0.2,0.8,1,1,1.3,43,41,3,True
40,0.2,0.8,1,1,1.3,43,42,3,True
40,0.2,0.8,1,1,1.3,43,43,2,True
40,0.2,0.8,1,1,1.3,43,44,4,True
40,0.2,0.8,1,1,1.3,43,45,3,True
40,0.2,0.8,1,1,1.3,43,46,2,True
40,0.2,0.8,1,1,1.3,43,47,1,True
40,0.2,0.8,1,1,1.3,43,48,1,True
40,0.2,0.8,1,1,1.3,43,49,2,True
40,0.2,0.8,1,1,1.3,43,50,3,True
40,0.2,0.8,1,1,1.3,43,51,2,True
40,0.2,0.8,1,1,1.3,43,52,2,True
40,0.2,0.8,1,1,1.3,43,53,2,True
40,0.2,0.8,1,1,1.3,43,54,4,True
40,0.2,0.8,1,1,1.3,43,55,3,True
40,0.2,0.8,1,1,1.3,43,56,5,True
40,0.2,0.8,1,1,1.3,43,57,3,True
40,0.2,0.8,1,1,1.3,43,58,2,True
40,0.2,0.8,1,1,1.3,43,59,2,True
40,0.2,0.8,1,1,1.3,43,60,2,True
40,0.2,0.8,1,1,1.3,43,61,2,True
40,0.2,0.8,1,1,1.3,43,62,2,True
40,0.2,0.8,1,1,1.3,43,63,1,True
40,0.2,0.8,1,1,1.3,43,64,3,True
40,0.2,0.8,1,1,1.3,43,65,3,True
40,0.2,0.8,1,1,1.3,43,66,1,True
40,0.2,0.8,1,1,1.3,43,67,1,True
40,0.2,0.8,1,1,1.3,43,68,1,True
40,0.2,0.8,1,1,1.3,43,69,2,True
40,0.2,0.8,1,1,1.3,43,70,3,True
40,0.2,0.8,1,1,1.3,43,71,1,True
40,0.2,0.8,1,1,1.3,43,72,3,True
40,0.2,0.8,1,1,1.3,43,73,4,True
40,0.2,0.8,1,1,1.3,43,74,3,True
40,0.2,0.8,1,1,1.3,43,75,2,True
40,0.2,0.8,1,1,1.3,43,76,3,True
40,0.2,0.8,1,1,1.3,43,77,2,True
40,0.2,0.8,1,1,1.3,43,78,2,True
40,0.2,0.8,1,1,1.3,43,79,3,True
40,0.2,0.8,1,1,1.3,43,80,2,True
40,0.2,0.8,1,1,1.3,43,81,2,True
40,0.2,0.8,1,1,1.3,43,82,2,True
40,0.2,0.8,1,1,1.3,43,83,2,True
40,0.2,0.8,1,1,1.3,43,84,3,True
40,0.2,0.8,1,1,1.3,43,85,2,True
40,0.2,0.8,1,1,1.3,43,86,3,True
40,0.2,0.8,1,1,1.3,43,87,4,True
40,0.2,0.8,1,1,1.3,43,88,2,True
40,0.2,0.8,1,1,1.3,43,89,1,True
40,0.2,0.8,1,1,1.3,43,90,2,True
40,0.2,0.8,1,1,1.3,43,91,2,True
40,0.2,0.8,1,1,1.3,43,92,2,True
40,0.2,0.8,1,1,1.3,43,93,4,True
40,0.2,0.8,1,1,1.3,43,94,4,True
40,0.2,0.8,1,1,1.3,43,95,3,True
40,0.2,0.8,1,1,1.3,43,96,1,True
40,0.2,0.8,1,1,1.3,43,97,2,True
40,0.2,0.8,1,1,1.3,43,98,1,True
40,0.2,0.8,1,1,1.3,43,99,2,True
40,0.2,0.8,1,1,1.3,43,100,3,True
40,0.2,0.8,1,1,1.3,43,101,2,True
40,0.2,0.8,1,1,1.3,43,102,1,True
40,0.2,0.8,1,1,1.3,43,103,2,True
40,0.2,0.8,1,1,1.3,43,104,2,True
40,0.2,0.8,1,1,1.3,43,105,1,True
40,0.2,0.8,1,1,1.3,43,106,2,True
40,0.2,0.8,1,1,1.3,43,107,2,True
40,0.2,0.8,1,1,1.3,43,108,2,True
40,0.2,0.8,1,1,1.3,43,109,2,True
40,0.2,0.8,1,1,1.3,43,110,3,True
40,0.2,0.8,1,1,1.3,43,111,2,True
40,0.2,0.8,1,1,1.3,43,112,3,True
40,0.2,0.8,1,1,1.3,43,113,2,True
40,0.2,0.8,1,1,1.3,43,114,1,True
40,0.2,0.8,1,1,1.3,43,115,1,True
40,0.2,0.8,1,1,1.3,43,116,3,True
40,0.2,0.8,1,1,1.3,43,117,3,True
40,0.2,0.8,1,1,1.3,43,118,1,True
40,0.2,0.8,1,1,1.3,43,119,3,True
40,0.2,0.8,1,1,1.3,43,120,2,True
40,0.2,0.8,1,1,1.3,43,121,3,True
40,0.2,0.8,1,1,1.3,43,122,2,True
40,0.2,0.8,1,1,1.3,43,123,3,True
40,0.2,0.8,1,1,1.3,43,124,2,True
40,0.2,0.8,1,1,1.3,43,125,2,True
40,0.2,0.8,1,1,1.3,43,126,5,True
40,0.2,0.8,1,1,1.3,43,127,2,True
40,0.2,0.8,1,1,1.3,43,128,4,True
40,0.2,0.8,1,1,1.3,43,129,2,True
40,0.2,0.8,1,1,1.3,43,130,3,True
40,0.2,0.8,1,1,1.3,43,131,3,True
40,0.2,0.8,1,1,1.3,43,132,2,True
40,0.2,0.8,1,1,1.3,43,133,3,True
40,0.2,0.8,1,1,1.3,43,134,2,True
40,0.2,0.8,1,1,1.3,43,135,3,True
40,0.2,0.8,1,1,1.3,43,136,2,True
40,0.2,0.8,1,1,1.3,43,137,2,True
40,0.2,0.8,1,1,1.3,43,138,2,True
40,0.2,0.8,1,1,1.3,43,139,1,True
40,0.2,0.8,1,1,1.3,43,140,2,True
40,0.2,0.8,1,1,1.3,43,141,2,True
40,0.2,0.8,1,1,1.3,43,142,1,True
40,0.2,0.8,1,1,1.3,43,143,2,True
40,0.2,0.8,1,1,1.3,43,144,2,True
40,0.2,0.8,1,1,1.3,43,145,1,True
40,0.2,0.8,1,1,1.3,43,146,2,True
40,0.2,0.8,1,1,1.3,43,147,2,True
40,0.2,0.8,1,1,1.3,43,148,2,True
40,0.2,0.8,1,1,1.3,43,149,1,True
40,0.2,0.8,1,1,1.3,43,150,3,True
40,0.2,0.8,1,1,1.3,43,151,2,True
40,0.2,0.8,1,1,1.3,43,152,1,True
40,0.2,0.8,1,1,1.3,43,153,2,True
40,0.2,0.8,1,1,1.3,43,154,2,True
40,0.2,0.8,1,1,1.3,43,155,3,True
40,0.2,0.8,1,1,1.3,43,156,4,True
40,0.2,0.8,1,1,1.3,43,157,2,True
40,0.2,0.8,1,1,1.3,43,158,3,True
40,0.2,0.8,1,1,1.3,43,159,3,True
40,0.2,0.8,1,1,1.3,43,160,2,True
40,0.2,0.8,1,1,1.3,43,161,1,True
40,0.2,0.8,1,1,1.3,43,162,1,True
40,0.2,0.8,1,1,1.3,43,163,5,True
40,0.2,0.8,1,1,1.3,43,164,1,True
40,0.2,0.8,1,1,1.3,43,165,2,True
40,0.2,0.8,1,1,1.3,43,166,1,True
40,0.2,0.8,1,1,1.3,43,167,2,True
40,0.2,0.8,1,1,1.3,43,168,1,True
40,0.2,0.8,1,1,1.3,43,169,2,True
40,0.2,0.8,1,1,1.3,43,170,1,True
40,0.2,0.8,1,1,1.3,43,171,2,True
40,0.2,0.8,1,1,1.3,43,172,2,True
40,0.2,0.8,1,1,1.3,43,173,2,True
40,0.2,0.8,1,1,1.3,43,174,1,True
40,0.2,0.8,1,1,1.3,43,175,3,True
40,0.2,0.8,1,1,1.3,43,176,2,True
40,0.2,0.8,1,1,1.3,43,177,2,True
40,0.2,0.8,1,1,1.3,43,178,3,True
40,0.2,0.8,1,1,1.3,43,179,2,True
40,0.2,0.8,1,1,1.3,43,180,2,True
40,0.2,0.8,1,1,1.3,43,181,2,True
40,0.2,0.8,1,1,1.3,43,182,3,True
40,0.2,0.8,1,1,1.3,43,183,3,True
40,0.2,0.8,1,1,1.3,43,184,2,True
40,0.2,0.8,1,1,1.3,43,185,2,True
40,0.2,0.8,1,1,1.3,43,186,2,True
40,0.2,0.8,1,1,1.3,43,187,2,True
40,0.2,0.8,1,1,1.3,43,188,2,True
40,0.2,0.8,1,1,1.3,43,189,2,True
40,0.2,0.8,1,1,1.3,43,190,2,True
40,0.2,0.8,1,1,1.3,43,191,2,True
40,0.2,0.8,1,1,1.3,43,192,2,True
40,0.2,0.8,1,1,1.3,43,193,2,True
40,0.2,0.8,1,1,1.3,43,194,1,True
40,0.2,0.8,1,1,1.3,43,195,3,True
40,0.2,0.8,1,1,1.3,43,196,1,True
40,0.2,0.8,1,1,1.3,43,197,4,True
40,0.2,0.8,1,1,1.3,43,198,1,True
40,0.2,0.8,1,1,1.3,43,199,5,True
40,0.2,0.8,1,1,1.3,43,200,3,True
40,0.2,0.8,1,1,1.3,43,201,1,True
40,0.2,0.8,1,1,1.3,43,202,2,True
40,0.2,0.8,1,1,1.3,43,203,3,True
40,0.2,0.8,1,1,1.3,43,204,3,True
40,0.2,0.8,1,1,1.3,43,205,2,True
40,0.2,0.8,1,1,1.3,43,206,2,True
40,0.2,0.8,1,1,1.3,43,207,1,True
40,0.2,0.8,1,1,1.3,43,208,1,True
40,0.2,0.8,1,1,1.3,43,209,2,True
40,0.2,0.8,1,1,1.3,43,210,2,True
40,0.2,0.8,1,1,1.3,43,211,2,True
40,0.2,0.8,1,1,1.3,43,212,2,True
40,0.2,0.8,1,1,1.3,43,213,1,True
40,0.2,0.8,1,1,1.3,43,214,3,True
40,0.2,0.8,1,1,1.3,43,215,2,True
40,0.2,0.8,1,1,1.3,43,216,5,True
40,0.2,0.8,1,1,1.3,43,217,3,True
40,0.2,0.8,1,1,1.3,43,218,2,True
40,0.2,0.8,1,1,1.3,43,219,1,True
40,0.2,0.8,1,1,1.3,43,220,1,True
40,0.2,0.8,1,1,1.3,43,221,2,True
40,0.2,0.8,1,1,1.3,43,222,2,True
40,0.2,0.8,1,1,1.3,43,223,2,True
40,0.2,0.8,1,1,1.3,43,224,1,True
40,0.2,0.8,1,1,1.3,43,225,1,True
40,0.2,0.8,1,1,1.3,43,226,2,True
40,0.2,0.8,1,1,1.3,43,227,2,True
40,0.2,0.8,1,1,1.3,43,228,5,True
40,0.2,0.8,1,1,1.3,43,229,2,True
40,0.2,0.8,1,1,1.3,43,230,2,True
40,0.2,0.8,1,1,1.3,43,231,1,True
40,0.2,0.8,1,1,1.3,43,232,2,True
40,0.2,0.8,1,1,1.3,43,233,3,True
40,0.2,0.8,1,1,1.3,43,234,1,True
40,0.2,0.8,1,1,1.3,43,235,2,True
40,0.2,0.8,1,1,1.3,43,236,1,True
40,0.2,0.8,1,1,1.3,43,237,3,True
40,0.2,0.8,1,1,1.3,43,238,1,True
40,0.2,0.8,1,1,1.3,43,239,1,True
40,0.2,0.8,1,1,1.3,43,240,4,True
40,0.2,0.8,1,1,1.3,43,241,4,True
40,0.2,0.8,1,1,1.3,43,242,3,True
40,0.2,0.8,1,1,1.3,43,243,3,True
40,0.2,0.8,1,1,1.3,43,244,1,True
40,0.2,0.8,1,1,1.3,43,245,3,True
40,0.2,0.8,1,1,1.3,43,246,4,True
40,0.2,0.8,1,1,1.3,43,247,2,True
40,0.2,0.8,1,1,1.3,43,248,2,True
40,0.2,0.8,1,1,1.3,43,249,1,True
40,0.2,0.8,1,1,1.3,43,250,3,True
40,0.2,0.8,1,1,1.3,43,251,3,True
40,0.2,0.8,1,1,1.3,43,252,2,True
40,0.2,0.8,1,1,1.3,43,253,1,True
40,0.2,0.8,1,1,1.3,43,254,1,True
40,0.2,0.8,1,1,1.3,43,255,2,True
40,0.2,0.8,1,1,1.3,43,256,1,True
40,0.2,0.8,1,1,1.3,43,257,2,True
40,0.2,0.8,1,1,1.3,43,258,2,True
40,0.2,0.8,1,1,1.3,43,259,3,True
40,0.2,0.8,1,1,1.3,43,260,2,True
40,0.2,0.8,1,1,1.3,43,261,1,True
40,0.2,0.8,1,1,1.3,43,262,3,True
40,0.2,0.8,1,1,1.3,43,263,2,True
40,0.2,0.8,1,1,1.3,43,264,3,True
40,0.2,0.8,1,1,1.3,43,265,2,True
40,0.2,0.8,1,1,1.3,43,266,1,True
40,0.2,0.8,1,1,1.3,43,267,1,True
40,0.2,0.8,1,1,1.3,43,268,3,True
40,0.2,0.8,1,1,1.3,43,269,3,True
40,0.2,0.8,1,1,1.3,43,270,2,True
40,0.2,0.8,1,1,1.3,43,271,3,True
40,0.2,0.8,1,1,1.3,43,272,3,True
40,0.2,0.8,1,1,1.3,43,273,1,True
40,0.2,0.8,1,1,1.3,43,274,2,True
40,0.2,0.8,1,1,1.3,43,275,2,True
40,0.2,0.8,1,1,1.3,43,276,2,True
40,0.2,0.8,1,1,1.3,43,277,2,True
40,0.2,0.8,1,1,1.3,43,278,2,True
40,0.2,0.8,1,1,1.3,43,279,1,True
40,0.2,0.8,1,1,1.3,43,280,3,True
40,0.2,0.8,1,1,1.3,43,281,3,True
40,0.2,0.8,1,1,1.3,43,282,4,True
40,0.2,0.8,1,1,1.3,43,283,3,True
40,0.2,0.8,1,1,1.3,43,284,1,True
40,0.2,0.8,1,1,1.3,43,285,1,True
40,0.2,0.8,1,1,1.3,43,286,1,True
40,0.2,0.8,1,1,1.3,43,287,1,True
40,0.2,0.8,1,1,1.3,43,288,1,True
40,0.2,0.8,1,1,1.3,43,289,1,True
40,0.2,0.8,1,1,1.3,43,290,4,True
40,0.2,0.8,1,1,1.3,43,291,2,True
40,0.2,0.8,1,1,1.3,43,292,1,True
40,0.2,0.8,1,1,1.3,43,293,3,True
40,0.2,0.8,1,1,1.3,43,294,1,True
40,0.2,0.8,1,1,1.3,43,295,2,True
40,0.2,0.8,1,1,1.3,43,296,2,True
40,0.2,0.8,1,1,1.3,43,297,2,True
40,0.2,0.8,1,1,1.3,43,298,2,True
40,0.2,0.8,1,1,1.3,43,299,3,True
40,0.2,0.8,1,1,1.3,43,300,3,True
40,0.2,0.8,1,1,1.3,43,301,1,True
40,0.2,0.8,1,1,1.3,43,302,1,True
40,0.2,0.8,1,1,1.3,43,303,1,True
40,0.2,0.8,1,1,1.3,43,304,1,True
40,0.2,0.8,1,1,1.3,43,305,1,True
40,0.2,0.8,1,1,1.3,43,306,1,True
40,0.2,0.8,1,1,1.3,43,307,4,True
40,0.2,0.8,1,1,1.3,43,308,4,True
40,0.2,0.8,1,1,1.3,43,309,3,True
40,0.2,0.8,1,1,1.3,43,310,3,True
40,0.2,0.8,1,1,1.3,43,311,3,True
40,0.2,0.8,1,1,1.3,43,312,2,True
40,0.2,0.8,1,1,1.3,43,313,5,True
40,0.2,0.8,1,1,1.3,43,314,3,True
40,0.2,0.8,1,1,1.3,43,315,1,True
40,0.2,0.8,1,1,1.3,43,316,3,True
40,0.2,0.8,1,1,1.3,43,317,2,True
40,0.2,0.8,1,1,1.3,43,318,2,True
40,0.2,0.8,1,1,1.3,43,319,3,True
40,0.2,0.8,1,1,1.3,43,320,2,True
40,0.2,0.8,1,1,1.3,43,321,2,True
40,0.2,0.8,1,1,1.3,43,322,5,True
40,0.2,0.8,1,1,1.3,43,323,2,True
40,0.2,0.8,1,1,1.3,43,324,3,True
40,0.2,0.8,1,1,1.3,43,325,3,True
40,0.2,0.8,1,1,1.3,43,326,2,True
40,0.2,0.8,1,1,1.3,43,327,1,True
40,0.2,0.8,1,1,1.3,43,328,3,True
40,0.2,0.8,1,1,1.3,43,329,2,True
40,0.2,0.8,1,1,1.3,43,330,2,True
40,0.2,0.8,1,1,1.3,43,331,2,True
40,0.2,0.8,1,1,1.3,43,332,2,True
40,0.2,0.8,1,1,1.3,43,333,2,True
40,0.2,0.8,1,1,1.3,43,334,5,True
40,0.2,0.8,1,1,1.3,43,335,3,True
40,0.2,0.8,1,1,1.3,43,336,2,True
40,0.2,0.8,1,1,1.3,43,337,2,True
40,0.2,0.8,1,1,1.3,43,338,2,True
40,0.2,0.8,1,1,1.3,43,339,2,True
40,0.2,0.8,1,1,1.3,43,340,2,True
40,0.2,0.8,1,1,1.3,43,341,3,True
40,0.2,0.8,1,1,1.3,43,342,3,True
40,0.2,0.8,1,1,1.3,43,343,2,True
40,0.2,0.8,1,1,1.3,43,344,3,True
40,0.2,0.8,1,1,1.3,43,345,1,True
40,0.2,0.8,1,1,1.3,43,346,3,True
40,0.2,0.8,1,1,1.3,43,347,2,True
40,0.2,0.8,1,1,1.3,43,348,5,True
40,0.2,0.8,1,1,1.3,43,349,2,True
40,0.2,0.8,1,1,1.3,43,350,1,True
40,0.2,0.8,1,1,1.3,43,351,4,True
40,0.2,0.8,1,1,1.3,43,352,1,True
40,0.2,0.8,1,1,1.3,43,353,3,True
40,0.2,0.8,1,1,1.3,43,354,4,True
40,0.2,0.8,1,1,1.3,43,355,2,True
40,0.2,0.8,1,1,1.3,43,356,1,True
40,0.2,0.8,1,1,1.3,43,357,1,True
40,0.2,0.8,1,1,1.3,43,358,2,True
40,0.2,0.8,1,1,1.3,43,359,2,True
40,0.2,0.8,1,1,1.3,43,360,1,True
40,0.2,0.8,1,1,1.3,43,361,2,True
40,0.2,0.8,1,1,1.3,43,362,3,True
40,0.2,0.8,1,1,1.3,43,363,3,True
40,0.2,0.8,1,1,1.3,43,364,2,True
40,0.2,0.8,1,1,1.3,43,365,3,True
40,0.2,0.8,1,1,1.3,43,366,1,True
40,0.2,0.8,1,1,1.3,43,367,2,True
40,0.2,0.8,1,1,1.3,43,368,2,True
40,0.2,0.8,1,1,1.3,43,369,1,True
40,0.2,0.8,1,1,1.3,43,370,4,True
40,0.2,0.8,1,1,1.3,43,371,2,True
40,0.2,0.8,1,1,1.3,43,372,2,True
40,0.2,0.8,1,1,1.3,43,373,2,True
40,0.2,0.8,1,1,1.3,43,374,1,True
40,0.2,0.8,1,1,1.3,43,375,1,True
40,0.2,0.8,1,1,1.3,43,376,1,True
40,0.2,0.8,1,1,1.3,43,377,2,True
40,0.2,0.8,1,1,1.3,43,378,2,True
40,0.2,0.8,1,1,1.3,43,379,3,True
40,0.2,0.8,1,1,1.3,43,380,4,True
40,0.2,0.8,1,1,1.3,43,381,3,True
40,0.2,0.8,1,1,1.3,43,382,1,True
40,0.2,0.8,1,1,1.3,43,383,2,True
40,0.2,0.8,1,1,1.3,43,384,4,True
40,0.2,0.8,1,1,1.3,43,385,2,True
40,0.2,0.8,1,1,1.3,43,386,3,True
40,0.2,0.8,1,1,1.3,43,387,2,True
40,0.2,0.8,1,1,1.3,43,388,2,True
40,0.2,0.8,1,1,1.3,43,389,1,True
40,0.2,0.8,1,1,1.3,43,390,2,True
40,0.2,0.8,1,1,1.3,43,391,4,True
40,0.2,0.8,1,1,1.3,43,392,3,True
40,0.2,0.8,1,1,1.3,43,393,1,True
40,0.2,0.8,1,1,1.3,43,394,1,True
40,0.2,0.8,1,1,1.3,43,395,2,True
40,0.2,0.8,1,1,1.3,43,396,3,True
40,0.2,0.8,1,1,1.3,43,397,3,True
40,0.2,0.8,1,1,1.3,43,398,1,True
40,0.2,0.8,1,1,1.3,43,399,1,True
40,0.2,0.8,1,1,1.3,43,400,1,True
40,0.2,0.8,1,1,1.3,43,401,3,True
40,0.2,0.8,1,1,1.3,43,402,1,True
40,0.2,0.8,1,1,1.3,43,403,3,True
40,0.2,0.8,1,1,1.3,43,404,1,True
40,0.2,0.8,1,1,1.3,43,405,2,True
40,0.2,0.8,1,1,1.3,43,406,5,True
40,0.2,0.8,1,1,1.3,43,407,3,True
40,0.2,0.8,1,1,1.3,43,408,1,True
40,0.2,0.8,1,1,1.3,43,409,2,True
40,0.2,0.8,1,1,1.3,43,410,2,True
40,0.2,0.8,1,1,1.3,43,411,3,True
40,0.2,0.8,1,1,1.3,43,412,4,True
40,0.2,0.8,1,1,1.3,43,413,3,True
40,0.2,0.8,1,1,1.3,43,414,2,True
40,0.2,0.8,1,1,1.3,43,415,1,True
40,0.2,0.8,1,1,1.3,43,416,2,True
40,0.2,0.8,1,1,1.3,43,417,2,True
40,0.2,0.8,1,1,1.3,43,418,3,True
40,0.2,0.8,1,1,1.3,43,419,2,True
40,0.2,0.8,1,1,1.3,43,420,4,True
40,0.2,0.8,1,1,1.3,43,421,3,True
40,0.2,0.8,1,1,1.3,43,422,1,True
40,0.2,0.8,1,1,1.3,43,423,1,True
40,0.2,0.8,1,1,1.3,43,424,2,True
40,0.2,0.8,1,1,1.3,43,425,2,True
40,0.2,0.8,1,1,1.3,43,426,2,True
40,0.2,0.8,1,1,1.3,43,427,2,True
40,0.2,0.8,1,1,1.3,43,428,3,True
40,0.2,0.8,1,1,1.3,43,429,2,True
40,0.2,0.8,1,1,1.3,43,430,2,True
40,0.2,0.8,1,1,1.3,43,431,1,True
40,0.2,0.8,1,1,1.3,43,432,2,True
40,0.2,0.8,1,1,1.3,43,433,2,True
40,0.2,0.8,1,1,1.3,43,434,2,True
40,0.2,0.8,1,1,1.3,43,435,2,True
40,0.2,0.8,1,1,1.3,43,436,1,True
40,0.2,0.8,1,1,1.3,43,437,2,True
40,0.2,0.8,1,1,1.3,43,438,3,True
40,0.2,0.8,1,1,1.3,43,439,1,True
40,0.2,0.8,1,1,1.3,43,440,2,True
40,0.2,0.8,1,1,1.3,43,441,3,True
40,0.2,0.8,1,1,1.3,43,442,1,True
40,0.2,0.8,1,1,1.3,43,443,2,True
40,0.2,0.8,1,1,1.3,43,444,4,True
40,0.2,0.8,1,1,1.3,43,445,1,True
40,0.2,0.8,1,1,1.3,43,446,3,True
40,0.2,0.8,1,1,1.3,43,447,2,True
40,0.2,0.8,1,1,1.3,43,448,2,True
40,0.2,0.8,1,1,1.3,43,449,1,True
40,0.2,0.8,1,1,1.3,43,450,2,True
40,0.2,0.8,1,1,1.3,43,451,2,True
40,0.2,0.8,1,1,1.3,43,452,2,True
40,0.2,0.8,1,1,1.3,43,453,2,True
40,0.2,0.8,1,1,1.3,43,454,3,True
40,0.2,0.8,1,1,1.3,43,455,1,True
40,0.2,0.8,1,1,1.3,43,456,3,True
40,0.2,0.8,1,1,1.3,43,457,1,True
40,0.2,0.8,1,1,1.3,43,458,1,True
40,0.2,0.8,1,1,1.3,43,459,3,True
40,0.2,0.8,1,1,1.3,43,460,3,True
40,0.2,0.8,1,1,1.3,43,461,2,True
40,0.2,0.8,1,1,1.3,43,462,3,True
40,0.2,0.8,1,1,1.3,43,463,2,True
40,0.2,0.8,1,1,1.3,43,464,1,True
40,0.2,0.8,1,1,1.3,43,465,3,True
40,0.2,0.8,1,1,1.3,43,466,3,True
40,0.2,0.8,1,1,1.3,43,467,1,True
40,0.2,0.8,1,1,1.3,43,468,2,True
40,0.2,0.8,1,1,1.3,43,469,1,True
40,0.2,0.8,1,1,1.3,43,470,4,True
40,0.2,0.8,1,1,1.3,43,471,2,True
40,0.2,0.8,1,1,1.3,43,472,3,True
40,0.2,0.8,1,1,1.3,43,473,2,True
40,0.2,0.8,1,1,1.3,43,474,2,True
40,0.2,0.8,1,1,1.3,43,475,3,True
40,0.2,0.8,1,1,1.3,43,476,3,True
40,0.2,0.8,1,1,1.3,43,477,3,True
40,0.2,0.8,1,1,1.3,43,478,2,True
40,0.2,0.8,1,1,1.3,43,479,2,True
40,0.2,0.8,1,1,1.3,43,480,1,True
40,0.2,0.8,1,1,1.3,43,481,3,True
40,0.2,0.8,1,1,1.3,43,482,3,True
40,0.2,0.8,1,1,1.3,43,483,2,True
40,0.2,0.8,1,1,1.3,43,484,2,True
40,0.2,0.8,1,1,1.3,43,485,1,True
40,0.2,0.8,1,1,1.3,43,486,2,True
40,0.2,0.8,1,1,1.3,43,487,3,True
40,0.2,0.8,1,1,1.3,43,488,2,True
40,0.2,0.8,1,1,1.3,43,489,2,True
40,0.2,0.8,1,1,1.3,43,490,2,True
40,0.2,0.8,1,1,1.3,43,491,2,True
40,0.2,0.8,1,1,1.3,43,492,2,True
40,0.2,0.8,1,1,1.3,43,493,2,True
40,0.2,0.8,1,1,1.3,43,494,3,True
40,0.2,0.8,1,1,1.3,43,495,1,True
40,0.2,0.8,1,1,1.3,43,496,1,True
40,0.2,0.8,1,1,1.3,43,497,2,True
40,0.2,0.8,1,1,1.3,43,498,1,True
40,0.2,0.8,1,1,1.3,43,499,2,True
40,0.2,0.8,1,1,1.3,43,500,2,True
40,0.2,0.8,1,1,1.3,43,501,2,True
40,0.2,0.8,1,1,1.3,43,502,2,True
40,0.2,0.8,1,1,1.3,43,503,3,True
40,0.2,0.8,1,1,1.3,43,504,2,True
40,0.2,0.8,1,1,1.3,43,505,2,True
40,0.2,0.8,1,1,1.3,43,506,2,True
40,0.2,0.8,1,1,1.3,43,507,1,True
40,0.2,0.8,1,1,1.3,43,508,2,True
40,0.2,0.8,1,1,1.3,43,509,2,True
40,0.2,0.8,1,1,1.3,43,510,3,True
40,0.2,0.8,1,1,1.3,43,511,2,True
40,0.2,0.8,1,1,1.3,43,512,4,True
40,0.2,0.8,1,1,1.3,43,513,2,True
40,0.2,0.8,1,1,1.3,43,514,2,True
40,0.2,0.8,1,1,1.3,43,515,3,True
40,0.2,0.8,1,1,1.3,43,516,2,True
40,0.2,0.8,1,1,1.3,43,517,1,True
40,0.2,0.8,1,1,1.3,43,518,2,True
40,0.2,0.8,1,1,1.3,43,519,1,True
40,0.2,0.8,1,1,1.3,43,520,1,True
40,0.2,0.8,1,1,1.3,43,521,2,True
40,0.2,0.8,1,1,1.3,43,522,2,True
40,0.2,0.8,1,1,1.3,43,523,2,True
40,0.2,0.8,1,1,1.3,43,524,4,True
40,0.2,0.8,1,1,1.3,43,525,1,True
40,0.2,0.8,1,1,1.3,43,526,3,True
40,0.2,0.8,1,1,1.3,43,527,2,True
40,0.2,0.8,1,1,1.3,43,528,2,True
40,0.2,0.8,1,1,1.3,43,529,2,True
40,0.2,0.8,1,1,1.3,43,530,3,True
40,0.2,0.8,1,1,1.3,43,531,3,True
40,0.2,0.8,1,1,1.3,43,532,3,True
40,0.2,0.8,1,1,1.3,43,533,2,True
40,0.2,0.8,1,1,1.3,43,534,2,True
40,0.2,0.8,1,1,1.3,43,535,1,True
40,0.2,0.8,1,1,1.3,43,536,2,True
40,0.2,0.8,1,1,1.3,43,537,2,True
40,0.2,0.8,1,1,1.3,43,538,1,True
40,0.2,0.8,1,1,1.3,43,539,3,True
40,0.2,0.8,1,1,1.3,43,540,3,True
40,0.2,0.8,1,1,1.3,43,541,3,True
40,0.2,0.8,1,1,1.3,43,542,3,True
40,0.2,0.8,1,1,1.3,43,543,2,True
40,0.2,0.8,1,1,1.3,43,544,1,True
40,0.2,0.8,1,1,1.3,43,545,2,True
40,0.2,0.8,1,1,1.3,43,546,3,True
40,0.2,0.8,1,1,1.3,43,547,3,True
40,0.2,0.8,1,1,1.3,43,548,2,True
40,0.2,0.8,1,1,1.3,43,549,1,True
40,0.2,0.8,1,1,1.3,43,550,2,True
40,0.2,0.8,1,1,1.3,43,551,1,True
40,0.2,0.8,1,1,1.3,43,552,3,True
40,0.2,0.8,1,1,1.3,43,553,2,True
40,0.2,0.8,1,1,1.3,43,554,2,True
40,0.2,0.8,1,1,1.3,43,555,2,True
40,0.2,0.8,1,1,1.3,43,556,1,True
40,0.2,0.8,1,1,1.3,43,557,2,True
40,0.2,0.8,1,1,1.3,43,558,3,True
40,0.2,0.8,1,1,1.3,43,559,2,True
40,0.2,0.8,1,1,1.3,43,560,2,True
40,0.2,0.8,1,1,1.3,43,561,2,True
40,0.2,0.8,1,1,1.3,43,562,3,True
40,0.2,0.8,1,1,1.3,43,563,2,True
40,0.2,0.8,1,1,1.3,43,564,3,True
40,0.2,0.8,1,1,1.3,43,565,3,True
40,0.2,0.8,1,1,1.3,43,566,2,True
40,0.2,0.8,1,1,1.3,43,567,1,True
40,0.2,0.8,1,1,1.3,43,568,2,True
40,0.2,0.8,1,1,1.3,43,569,1,True
40,0.2,0.8,1,1,1.3,43,570,1,True
40,0.2,0.8,1,1,1.3,43,571,2,True
40,0.2,0.8,1,1,1.3,43,572,2,True
40,0.2,0.8,1,1,1.3,43,573,2,True
40,0.2,0.8,1,1,1.3,43,574,2,True
40,0.2,0.8,1,1,1.3,43,575,2,True
40,0.2,0.8,1,1,1.3,43,576,3,True
40,0.2,0.8,1,1,1.3,43,577,3,True
40,0.2,0.8,1,1,1.3,43,578,3,True
40,0.2,0.8,1,1,1.3,43,579,3,True
40,0.2,0.8,1,1,1.3,43,580,2,True
40,0.2,0.8,1,1,1.3,43,581,1,True
40,0.2,0.8,1,1,1.3,43,582,2,True
40,0.2,0.8,1,1,1.3,43,583,3,True
40,0.2,0.8,1,1,1.3,43,584,1,True
40,0.2,0.8,1,1,1.3,43,585,3,True
40,0.2,0.8,1,1,1.3,43,586,1,True
40,0.2,0.8,1,1,1.3,43,587,5,True
40,0.2,0.8,1,1,1.3,43,588,1,True
40,0.2,0.8,1,1,1.3,43,589,2,True
40,0.2,0.8,1,1,1.3,43,590,1,True
40,0.2,0.8,1,1,1.3,43,591,3,True
40,0.2,0.8,1,1,1.3,43,592,2,True
40,0.2,0.8,1,1,1.3,43,593,1,True
40,0.2,0.8,1,1,1.3,43,594,2,True
40,0.2,0.8,1,1,1.3,43,595,2,True
40,0.2,0.8,1,1,1.3,43,596,2,True
40,0.2,0.8,1,1,1.3,43,597,3,True
40,0.2,0.8,1,1,1.3,43,598,2,True
40,0.2,0.8,1,1,1.3,43,599,2,True
40,0.2,0.8,1,1,1.3,43,600,3,True
40,0.2,0.8,1,1,1.3,43,601,2,True
40,0.2,0.8,1,1,1.3,43,602,2,True
40,0.2,0.8,1,1,1.3,43,603,3,True
40,0.2,0.8,1,1,1.3,43,604,2,True
40,0.2,0.8,1,1,1.3,43,605,1,True
40,0.2,0.8,1,1,1.3,43,606,2,True
40,0.2,0.8,1,1,1.3,43,607,2,True
40,0.2,0.8,1,1,1.3,43,608,2,True
40,0.2,0.8,1,1,1.3,43,609,2,True
40,0.2,0.8,1,1,1.3,43,610,2,True
40,0.2,0.8,1,1,1.3,43,611,2,True
40,0.2,0.8,1,1,1.3,43,612,2,True
40,0.2,0.8,1,1,1.3,43,613,3,True
40,0.2,0.8,1,1,1.3,43,614,2,True
40,0.2,0.8,1,1,1.3,43,615,3,True
40,0.2,0.8,1,1,1.3,43,616,1,True
40,0.2,0.8,1,1,1.3,43,617,3,True
40,0.2,0.8,1,1,1.3,43,618,4,True
40,0.2,0.8,1,1,1.3,43,619,2,True
40,0.2,0.8,1,1,1.3,43,620,2,True
40,0.2,0.8,1,1,1.3,43,621,4,True
40,0.2,0.8,1,1,1.3,43,622,4,True
40,0.2,0.8,1,1,1.3,43,623,2,True
40,0.2,0.8,1,1,1.3,43,624,2,True
40,0.2,0.8,1,1,1.3,43,625,1,True
40,0.2,0.8,1,1,1.3,43,626,1,True
40,0.2,0.8,1,1,1.3,43,627,4,True
40,0.2,0.8,1,1,1.3,43,628,4,True
40,0.2,0.8,1,1,1.3,43,629,2,True
40,0.2,0.8,1,1,1.3,43,630,3,True
40,0.2,0.8,1,1,1.3,43,631,3,True
40,0.2,0.8,1,1,1.3,43,632,3,True
40,0.2,0.8,1,1,1.3,43,633,3,True
40,0.2,0.8,1,1,1.3,43,634,1,True
40,0.2,0.8,1,1,1.3,43,635,2,True
40,0.2,0.8,1,1,1.3,43,636,3,True
40,0.2,0.8,1,1,1.3,43,637,2,True
40,0.2,0.8,1,1,1.3,43,638,1,True
40,0.2,0.8,1,1,1.3,43,639,3,True
40,0.2,0.8,1,1,1.3,43,640,1,True
40,0.2,0.8,1,1,1.3,43,641,2,True
40,0.2,0.8,1,1,1.3,43,642,2,True
40,0.2,0.8,1,1,1.3,43,643,2,True
40,0.2,0.8,1,1,1.3,43,644,2,True
40,0.2,0.8,1,1,1.3,43,645,1,True
40,0.2,0.8,1,1,1.3,43,646,1,True
40,0.2,0.8,1,1,1.3,43,647,2,True
40,0.2,0.8,1,1,1.3,43,648,3,True
40,0.2,0.8,1,1,1.3,43,649,1,True
40,0.2,0.8,1,1,1.3,43,650,4,True
40,0.2,0.8,1,1,1.3,43,651,2,True
40,0.2,0.8,1,1,1.3,43,652,2,True
40,0.2,0.8,1,1,1.3,43,653,2,True
40,0.2,0.8,1,1,1.3,43,654,4,True
40,0.2,0.8,1,1,1.3,43,655,2,True
40,0.2,0.8,1,1,1.3,43,656,1,True
40,0.2,0.8,1,1,1.3,43,657,2,True
40,0.2,0.8,1,1,1.3,43,658,1,True
40,0.2,0.8,1,1,1.3,43,659,2,True
40,0.2,0.8,1,1,1.3,43,660,1,True
40,0.2,0.8,1,1,1.3,43,661,2,True
40,0.2,0.8,1,1,1.3,43,662,1,True
40,0.2,0.8,1,1,1.3,43,663,5,True
40,0.2,0.8,1,1,1.3,43,664,2,True
40,0.2,0.8,1,1,1.3,43,665,2,True
40,0.2,0.8,1,1,1.3,43,666,2,True
40,0.2,0.8,1,1,1.3,43,667,2,True
40,0.2,0.8,1,1,1.3,43,668,3,True
40,0.2,0.8,1,1,1.3,43,669,1,True
40,0.2,0.8,1,1,1.3,43,670,3,True
40,0.2,0.8,1,1,1.3,43,671,2,True
40,0.2,0.8,1,1,1.3,43,672,2,True
40,0.2,0.8,1,1,1.3,43,673,5,True
40,0.2,0.8,1,1,1.3,43,674,1,True
40,0.2,0.8,1,1,1.3,43,675,4,True
40,0.2,0.8,1,1,1.3,43,676,2,True
40,0.2,0.8,1,1,1.3,43,677,2,True
40,0.2,0.8,1,1,1.3,43,678,1,True
40,0.2,0.8,1,1,1.3,43,679,1,True
40,0.2,0.8,1,1,1.3,43,680,1,True
40,0.2,0.8,1,1,1.3,43,681,3,True
40,0.2,0.8,1,1,1.3,43,682,1,True
40,0.2,0.8,1,1,1.3,43,683,2,True
40,0.2,0.8,1,1,1.3,43,684,2,True
40,0.2,0.8,1,1,1.3,43,685,4,True
40,0.2,0.8,1,1,1.3,43,686,1,True
40,0.2,0.8,1,1,1.3,43,687,2,True
40,0.2,0.8,1,1,1.3,43,688,2,True
40,0.2,0.8,1,1,1.3,43,689,2,True
40,0.2,0.8,1,1,1.3,43,690,2,True
40,0.2,0.8,1,1,1.3,43,691,2,True
40,0.2,0.8,1,1,1.3,43,692,2,True
40,0.2,0.8,1,1,1.3,43,693,2,True
40,0.2,0.8,1,1,1.3,43,694,4,True
40,0.2,0.8,1,1,1.3,43,695,3,True
40,0.2,0.8,1,1,1.3,43,696,2,True
40,0.2,0.8,1,1,1.3,43,697,1,True
40,0.2,0.8,1,1,1.3,43,698,3,True
40,0.2,0.8,1,1,1.3,43,699,3,True
40,0.2,0.8,1,1,1.3,43,700,3,True
40,0.2,0.8,1,1,1.3,43,701,2,True
40,0.2,0.8,1,1,1.3,43,702,1,True
40,0.2,0.8,1,1,1.3,43,703,3,True
40,0.2,0.8,1,1,1.3,43,704,1,True
40,0.2,0.8,1,1,1.3,43,705,2,True
40,0.2,0.8,1,1,1.3,43,706,3,True
40,0.2,0.8,1,1,1.3,43,707,2,True
40,0.2,0.8,1,1,1.3,43,708,2,True
40,0.2,0.8,1,1,1.3,43,709,2,True
40,0.2,0.8,1,1,1.3,43,710,4,True
40,0.2,0.8,1,1,1.3,43,711,3,True
40,0.2,0.8,1,1,1.3,43,712,3,True
40,0.2,0.8,1,1,1.3,43,713,1,True
40,0.2,0.8,1,1,1.3,43,714,3,True
40,0.2,0.8,1,1,1.3,43,715,3,True
40,0.2,0.8,1,1,1.3,43,716,2,True
40,0.2,0.8,1,1,1.3,43,717,2,True
40,0.2,0.8,1,1,1.3,43,718,3,True
40,0.2,0.8,1,1,1.3,43,719,3,True
40,0.2,0.8,1,1,1.3,43,720,2,True
40,0.2,0.8,1,1,1.3,43,721,2,True
40,0.2,0.8,1,1,1.3,43,722,2,True
40,0.2,0.8,1,1,1.3,43,723,2,True
40,0.2,0.8,1,1,1.3,43,724,3,True
40,0.2,0.8,1,1,1.3,43,725,2,True
40,0.2,0.8,1,1,1.3,43,726,3,True
40,0.2,0.8,1,1,1.3,43,727,2,True
40,0.2,0.8,1,1,1.3,43,728,3,True
40,0.2,0.8,1,1,1.3,43,729,3,True
40,0.2,0.8,1,1,1.3,43,730,2,True
40,0.2,0.8,1,1,1.3,43,731,2,True
40,0.2,0.8,1,1,1.3,43,732,2,True
40,0.2,0.8,1,1,1.3,43,733,1,True
40,0.2,0.8,1,1,1.3,43,734,1,True
40,0.2,0.8,1,1,1.3,43,735,2,True
40,0.2,0.8,1,1,1.3,43,736,2,True
40,0.2,0.8,1,1,1.3,43,737,2,True
40,0.2,0.8,1,1,1.3,43,738,3,True
40,0.2,0.8,1,1,1.3,43,739,2,True
40,0.2,0.8,1,1,1.3,43,740,2,True
40,0.2,0.8,1,1,1.3,43,741,1,True
40,0.2,0.8,1,1,1.3,43,742,1,True
40,0.2,0.8,1,1,1.3,43,743,3,True
40,0.2,0.8,1,1,1.3,43,744,3,True
40,0.2,0.8,1,1,1.3,43,745,5,True
40,0.2,0.8,1,1,1.3,43,746,2,True
40,0.2,0.8,1,1,1.3,43,747,1,True
40,0.2,0.8,1,1,1.3,43,748,1,True
40,0.2,0.8,1,1,1.3,43,749,1,True
40,0.2,0.8,1,1,1.3,43,750,2,True
40,0.2,0.8,1,1,1.3,43,751,2,True
40,0.2,0.8,1,1,1.3,43,752,2,True
40,0.2,0.8,1,1,1.3,43,753,2,True
40,0.2,0.8,1,1,1.3,43,754,1,True
40,0.2,0.8,1,1,1.3,43,755,2,True
40,0.2,0.8,1,1,1.3,43,756,2,True
40,0.2,0.8,1,1,1.3,43,757,3,True
40,0.2,0.8,1,1,1.3,43,758,3,True
40,0.2,0.8,1,1,1.3,43,759,3,True
40,0.2,0.8,1,1,1.3,43,760,2,True
40,0.2,0.8,1,1,1.3,43,761,3,True
40,0.2,0.8,1,1,1.3,43,762,2,True
40,0.2,0.8,1,1,1.3,43,763,2,True
40,0.2,0.8,1,1,1.3,43,764,2,True
40,0.2,0.8,1,1,1.3,43,765,2,True
40,0.2,0.8,1,1,1.3,43,766,2,True
40,0.2,0.8,1,1,1.3,43,767,3,True
40,0.2,0.8,1,1,1.3,43,768,3,True
40,0.2,0.8,1,1,1.3,43,769,2,True
40,0.2,0.8,1,1,1.3,43,770,3,True
40,0.2,0.8,1,1,1.3,43,771,2,True
40,0.2,0.8,1,1,1.3,43,772,2,True
40,0.2,0.8,1,1,1.3,43,773,2,True
40,0.2,0.8,1,1,1.3,43,774,1,True
40,0.2,0.8,1,1,1.3,43,775,4,True
40,0.2,0.8,1,1,1.3,43,776,2,True
40,0.2,0.8,1,1,1.3,43,777,3,True
40,0.2,0.8,1,1,1.3,43,778,3,True
40,0.2,0.8,1,1,1.3,43,779,1,True
40,0.2,0.8,1,1,1.3,43,780,2,True
40,0.2,0.8,1,1,1.3,43,781,1,True
40,0.2,0.8,1,1,1.3,43,782,2,True
40,0.2,0.8,1,1,1.3,43,783,2,True
40,0.2,0.8,1,1,1.3,43,784,1,True
40,0.2,0.8,1,1,1.3,43,785,2,True
40,0.2,0.8,1,1,1.3,43,786,3,True
40,0.2,0.8,1,1,1.3,43,787,2,True
40,0.2,0.8,1,1,1.3,43,788,2,True
40,0.2,0.8,1,1,1.3,43,789,2,True
40,0.2,0.8,1,1,1.3,43,790,2,True
40,0.2,0.8,1,1,1.3,43,791,2,True
40,0.2,0.8,1,1,1.3,43,792,1,True
40,0.2,0.8,1,1,1.3,43,793,2,True
40,0.2,0.8,1,1,1.3,43,794,2,True
40,0.2,0.8,1,1,1.3,43,795,1,True
40,0.2,0.8,1,1,1.3,43,796,1,True
40,0.2,0.8,1,1,1.3,43,797,1,True
40,0.2,0.8,1,1,1.3,43,798,3,True
40,0.2,0.8,1,1,1.3,43,799,2,True
40,0.2,0.8,1,1,1.3,43,800,3,True
40,0.2,0.8,1,1,1.3,43,801,1,True
40,0.2,0.8,1,1,1.3,43,802,1,True
40,0.2,0.8,1,1,1.3,43,803,2,True
40,0.2,0.8,1,1,1.3,43,804,2,True
40,0.2,0.8,1,1,1.3,43,805,5,True
40,0.2,0.8,1,1,1.3,43,806,2,True
40,0.2,0.8,1,1,1.3,43,807,3,True
40,0.2,0.8,1,1,1.3,43,808,2,True
40,0.2,0.8,1,1,1.3,43,809,3,True
40,0.2,0.8,1,1,1.3,43,810,1,True
40,0.2,0.8,1,1,1.3,43,811,1,True
40,0.2,0.8,1,1,1.3,43,812,2,True
40,0.2,0.8,1,1,1.3,43,813,3,True
40,0.2,0.8,1,1,1.3,43,814,3,True
40,0.2,0.8,1,1,1.3,43,815,4,True
40,0.2,0.8,1,1,1.3,43,816,2,True
40,0.2,0.8,1,1,1.3,43,817,2,True
40,0.2,0.8,1,1,1.3,43,818,1,True
40,0.2,0.8,1,1,1.3,43,819,2,True
40,0.2,0.8,1,1,1.3,43,820,3,True
40,0.2,0.8,1,1,1.3,43,821,5,True
40,0.2,0.8,1,1,1.3,43,822,2,True
40,0.2,0.8,1,1,1.3,43,823,3,True
40,0.2,0.8,1,1,1.3,43,824,2,True
40,0.2,0.8,1,1,1.3,43,825,3,True
40,0.2,0.8,1,1,1.3,43,826,4,True
40,0.2,0.8,1,1,1.3,43,827,2,True
40,0.2,0.8,1,1,1.3,43,828,1,True
40,0.2,0.8,1,1,1.3,43,829,2,True
40,0.2,0.8,1,1,1.3,43,830,2,True
40,0.2,0.8,1,1,1.3,43,831,1,True
40,0.2,0.8,1,1,1.3,43,832,3,True
40,0.2,0.8,1,1,1.3,43,833,1,True
40,0.2,0.8,1,1,1.3,43,834,1,True
40,0.2,0.8,1,1,1.3,43,835,1,True
40,0.2,0.8,1,1,1.3,43,836,5,True
40,0.2,0.8,1,1,1.3,43,837,2,True
40,0.2,0.8,1,1,1.3,43,838,2,True
40,0.2,0.8,1,1,1.3,43,839,3,True
40,0.2,0.8,1,1,1.3,43,840,3,True
40,0.2,0.8,1,1,1.3,43,841,2,True
40,0.2,0.8,1,1,1.3,43,842,1,True
40,0.2,0.8,1,1,1.3,43,843,1,True
40,0.2,0.8,1,1,1.3,43,844,2,True
40,0.2,0.8,1,1,1.3,43,845,1,True
40,0.2,0.8,1,1,1.3,43,846,2,True
40,0.2,0.8,1,1,1.3,43,847,2,True
40,0.2,0.8,1,1,1.3,43,848,3,True
40,0.2,0.8,1,1,1.3,43,849,1,True
40,0.2,0.8,1,1,1.3,43,850,2,True
40,0.2,0.8,1,1,1.3,43,851,2,True
40,0.2,0.8,1,1,1.3,43,852,2,True
40,0.2,0.8,1,1,1.3,43,853,3,True
40,0.2,0.8,1,1,1.3,43,854,3,True
40,0.2,0.8,1,1,1.3,43,855,1,True
40,0.2,0.8,1,1,1.3,43,856,2,True
40,0.2,0.8,1,1,1.3,43,857,2,True
40,0.2,0.8,1,1,1.3,43,858,1,True
40,0.2,0.8,1,1,1.3,43,859,1,True
40,0.2,0.8,1,1,1.3,43,860,3,True
40,0.2,0.8,1,1,1.3,43,861,1,True
40,0.2,0.8,1,1,1.3,43,862,3,True
40,0.2,0.8,1,1,1.3,43,863,2,True
40,0.2,0.8,1,1,1.3,43,864,2,True
40,0.2,0.8,1,1,1.3,43,865,2,True
40,0.2,0.8,1,1,1.3,43,866,4,True
40,0.2,0.8,1,1,1.3,43,867,2,True
40,0.2,0.8,1,1,1.3,43,868,4,True
40,0.2,0.8,1,1,1.3,43,869,1,True
40,0.2,0.8,1,1,1.3,43,870,2,True
40,0.2,0.8,1,1,1.3,43,871,4,True
40,0.2,0.8,1,1,1.3,43,872,3,True
40,0.2,0.8,1,1,1.3,43,873,3,True
40,0.2,0.8,1,1,1.3,43,874,2,True
40,0.2,0.8,1,1,1.3,43,875,1,True
40,0.2,0.8,1,1,1.3,43,876,2,True
40,0.2,0.8,1,1,1.3,43,877,5,True
40,0.2,0.8,1,1,1.3,43,878,3,True
40,0.2,0.8,1,1,1.3,43,879,2,True
40,0.2,0.8,1,1,1.3,43,880,2,True
40,0.2,0.8,1,1,1.3,43,881,3,True
40,0.2,0.8,1,1,1.3,43,882,3,True
40,0.2,0.8,1,1,1.3,43,883,1,True
40,0.2,0.8,1,1,1.3,43,884,5,True
40,0.2,0.8,1,1,1.3,43,885,1,True
40,0.2,0.8,1,1,1.3,43,886,1,True
40,0.2,0.8,1,1,1.3,43,887,2,True
40,0.2,0.8,1,1,1.3,43,888,1,True
40,0.2,0.8,1,1,1.3,43,889,2,True
40,0.2,0.8,1,1,1.3,43,890,1,True
40,0.2,0.8,1,1,1.3,43,891,1,True
40,0.2,0.8,1,1,1.3,43,892,1,True
40,0.2,0.8,1,1,1.3,43,893,1,True
40,0.2,0.8,1,1,1.3,43,894,1,True
40,0.2,0.8,1,1,1.3,43,895,1,True
40,0.2,0.8,1,1,1.3,43,896,1,True
40,0.2,0.8,1,1,1.3,43,897,1,True
40,0.2,0.8,1,1,1.3,43,898,2,True
40,0.2,0.8,1,1,1.3,43,899,4,True
40,0.2,0.8,1,1,1.3,43,900,3,True
40,0.2,0.8,1,1,1.3,43,901,2,True
40,0.2,0.8,1,1,1.3,43,902,2,True
40,0.2,0.8,1,1,1.3,43,903,2,True
40,0.2,0.8,1,1,1.3,43,904,3,True
40,0.2,0.8,1,1,1.3,43,905,1,True
40,0.2,0.8,1,1,1.3,43,906,3,True
40,0.2,0.8,1,1,1.3,43,907,3,True
40,0.2,0.8,1,1,1.3,43,908,2,True
40,0.2,0.8,1,1,1.3,43,909,3,True
40,0.2,0.8,1,1,1.3,43,910,1,True
40,0.2,0.8,1,1,1.3,43,911,1,True
40,0.2,0.8,1,1,1.3,43,912,2,True
40,0.2,0.8,1,1,1.3,43,913,3,True
40,0.2,0.8,1,1,1.3,43,914,1,True
40,0.2,0.8,1,1,1.3,43,915,1,True
40,0.2,0.8,1,1,1.3,43,916,2,True
40,0.2,0.8,1,1,1.3,43,917,2,True
40,0.2,0.8,1,1,1.3,43,918,2,True
40,0.2,0.8,1,1,1.3,43,919,3,True
40,0.2,0.8,1,1,1.3,43,920,2,True
40,0.2,0.8,1,1,1.3,43,921,2,True
40,0.2,0.8,1,1,1.3,43,922,2,True
40,0.2,0.8,1,1,1.3,43,923,3,True
40,0.2,0.8,1,1,1.3,43,924,2,True
40,0.2,0.8,1,1,1.3,43,925,3,True
40,0.2,0.8,1,1,1.3,43,926,1,True
40,0.2,0.8,1,1,1.3,43,927,3,True
40,0.2,0.8,1,1,1.3,43,928,3,True
40,0.2,0.8,1,1,1.3,43,929,3,True
40,0.2,0.8,1,1,1.3,43,930,2,True
40,0.2,0.8,1,1,1.3,43,931,1,True
40,0.2,0.8,1,1,1.3,43,932,3,True
40,0.2,0.8,1,1,1.3,43,933,2,True
40,0.2,0.8,1,1,1.3,43,934,1,True
40,0.2,0.8,1,1,1.3,43,935,3,True
40,0.2,0.8,1,1,1.3,43,936,3,True
40,0.2,0.8,1,1,1.3,43,937,3,True
40,0.2,0.8,1,1,1.3,43,938,2,True
40,0.2,0.8,1,1,1.3,43,939,5,True
40,0.2,0.8,1,1,1.3,43,940,4,True
40,0.2,0.8,1,1,1.3,43,941,2,True
40,0.2,0.8,1,1,1.3,43,942,3,True
40,0.2,0.8,1,1,1.3,43,943,3,True
40,0.2,0.8,1,1,1.3,43,944,2,True
40,0.2,0.8,1,1,1.3,43,945,2,True
40,0.2,0.8,1,1,1.3,43,946,2,True
40,0.2,0.8,1,1,1.3,43,947,1,True
40,0.2,0.8,1,1,1.3,43,948,2,True
40,0.2,0.8,1,1,1.3,43,949,3,True
40,0.2,0.8,1,1,1.3,43,950,2,True
40,0.2,0.8,1,1,1.3,43,951,1,True
40,0.2,0.8,1,1,1.3,43,952,1,True
40,0.2,0.8,1,1,1.3,43,953,2,True
40,0.2,0.8,1,1,1.3,43,954,2,True
40,0.2,0.8,1,1,1.3,43,955,3,True
40,0.2,0.8,1,1,1.3,43,956,3,True
40,0.2,0.8,1,1,1.3,43,957,2,True
40,0.2,0.8,1,1,1.3,43,958,2,True
40,0.2,0.8,1,1,1.3,43,959,1,True
40,0.2,0.8,1,1,1.3,43,960,2,True
40,0.2,0.8,1,1,1.3,43,961,3,True
40,0.2,0.8,1,1,1.3,43,962,2,True
40,0.2,0.8,1,1,1.3,43,963,2,True
40,0.2,0.8,1,1,1.3,43,964,2,True
40,0.2,0.8,1,1,1.3,43,965,2,True
40,0.2,0.8,1,1,1.3,43,966,2,True
40,0.2,0.8,1,1,1.3,43,967,1,True
40,0.2,0.8,1,1,1.3,43,968,1,True
40,0.2,0.8,1,1,1.3,43,969,1,True
40,0.2,0.8,1,1,1.3,43,970,1,True
40,0.2,0.8,1,1,1.3,43,971,2,True
40,0.2,0.8,1,1,1.3,43,972,3,True
40,0.2,0.8,1,1,1.3,43,973,1,True
40,0.2,0.8,1,1,1.3,43,974,2,True
40,0.2,0.8,1,1,1.3,43,975,1,True
40,0.2,0.8,1,1,1.3,43,976,1,True
40,0.2,0.8,1,1,1.3,43,977,1,True
40,0.2,0.8,1,1,1.3,43,978,3,True
40,0.2,0.8,1,1,1.3,43,979,2,True
40,0.2,0.8,1,1,1.3,43,980,3,True
40,0.2,0.8,1,1,1.3,43,981,1,True
40,0.2,0.8,1,1,1.3,43,982,3,True
40,0.2,0.8,1,1,1.3,43,983,1,True
40,0.2,0.8,1,1,1.3,43,984,2,True
40,0.2,0.8,1,1,1.3,43,985,3,True
40,0.2,0.8,1,1,1.3,43,986,1,True
40,0.2,0.8,1,1,1.3,43,987,1,True
40,0.2,0.8,1,1,1.3,43,988,3,True
40,0.2,0.8,1,1,1.3,43,989,2,True
40,0.2,0.8,1,1,1.3,43,990,3,True
40,0.2,0.8,1,1,1.3,43,991,3,True
40,0.2,0.8,1,1,1.3,43,992,2,True
40,0.2,0.8,1,1,1.3,43,993,2,True
40,0.2,0.8,1,1,1.3,43,994,3,True
40,0.2,0.8,1,1,1.3,43,995,3,True
40,0.2,0.8,1,1,1.3,43,996,3,True
40,0.2,0.8,1,1,1.3,43,997,2,True
40,0.2,0.8,1,1,1.3,43,998,3,True
40,0.2,0.8,1,1,1.3,43,999,2,True
40,0.2,0.8,1,1,1.3,43,1000,2,True
40,0.2,0.8,1,1,1.3,43,1001,2,True
40,0.2,0.8,1,1,1.3,43,1002,2,True
40,0.2,0.8,1,1,1.3,43,1003,1,True
40,0.2,0.8,1,1,1.3,43,1004,1,True
40,0.2,0.8,1,1,1.3,43,1005,2,True
40,0.2,0.8,1,1,1.3,43,1006,1,True
40,0.2,0.8,1,1,1.3,43,1007,3,True
40,0.2,0.8,1,1,1.3,43,1008,1,True
40,0.2,0.8,1,1,1.3,43,1009,2,True
40,0.2,0.8,1,1,1.3,43,1010,3,True
40,0.2,0.8,1,1,1.3,43,1011,2,True
40,0.2,0.8,1,1,1.3,43,1012,2,True
40,0.2,0.8,1,1,1.3,43,1013,3,True
40,0.2,0.8,1,1,1.3,43,1014,2,True
40,0.2,0.8,1,1,1.3,43,1015,4,True
40,0.2,0.8,1,1,1.3,43,1016,2,True
40,0.2,0.8,1,1,1.3,43,1017,2,True
40,0.2,0.8,1,1,1.3,43,1018,3,True
40,0.2,0.8,1,1,1.3,43,1019,2,True
40,0.2,0.8,1,1,1.3,43,1020,3,True
40,0.2,0.8,1,1,1.3,43,1021,5,True
40,0.2,0.8,1,1,1.3,43,1022,2,True
40,0.2,0.8,1,1,1.3,43,1023,2,True
40,0.2,0.8,1,1,1.3,43,1024,1,True
40,0.2,0.8,1,1,1.3,43,1025,2,True
40,0.2,0.8,1,1,1.3,43,1026,2,True
40,0.2,0.8,1,1,1.3,43,1027,2,True
40,0.2,0.8,1,1,1.3,43,1028,1,True
40,0.2,0.8,1,1,1.3,43,1029,1,True
40,0.2,0.8,1,1,1.3,43,1030,3,True
40,0.2,0.8,1,1,1.3,43,1031,3,True
40,0.2,0.8,1,1,1.3,43,1032,3,True
40,0.2,0.8,1,1,1.3,43,1033,2,True
40,0.2,0.8,1,1,1.3,43,1034,2,True
40,0.2,0.8,1,1,1.3,43,1035,2,True
40,0.2,0.8,1,1,1.3,43,1036,5,True
40,0.2,0.8,1,1,1.3,43,1037,1,True
40,0.2,0.8,1,1,1.3,43,1038,2,True
40,0.2,0.8,1,1,1.3,43,1039,5,True
40,0.2,0.8,1,1,1.3,43,1040,4,True
40,0.2,0.8,1,1,1.3,43,1041,2,True
40,0.2,0.8,1,1,1.3,43,1042,2,True
40,0.2,0.8,1,1,1.3,43,1043,2,True
40,0.2,0.8,1,1,1.3,43,1044,1,True
40,0.2,0.8,1,1,1.3,43,1045,1,True
40,0.2,0.8,1,1,1.3,43,1046,2,True
40,0.2,0.8,1,1,1.3,43,1047,2,True
40,0.2,0.8,1,1,1.3,43,1048,3,True
40,0.2,0.8,1,1,1.3,43,1049,1,True
40,0.2,0.8,1,1,1.3,43,1050,2,True
40,0.2,0.8,1,1,1.3,43,1051,1,True
40,0.2,0.8,1,1,1.3,43,1052,2,True
40,0.2,0.8,1,1,1.3,43,1053,1,True
40,0.2,0.8,1,1,1.3,43,1054,2,True
40,0.2,0.8,1,1,1.3,43,1055,1,True
40,0.2,0.8,1,1,1.3,43,1056,3,True
40,0.2,0.8,1,1,1.3,43,1057,1,True
40,0.2,0.8,1,1,1.3,43,1058,2,True
40,0.2,0.8,1,1,1.3,43,1059,1,True
40,0.2,0.8,1,1,1.3,43,1060,2,True
40,0.2,0.8,1,1,1.3,43,1061,3,True
40,0.2,0.8,1,1,1.3,43,1062,3,True
40,0.2,0.8,1,1,1.3,43,1063,3,True
40,0.2,0.8,1,1,1.3,43,1064,3,True
40,0.2,0.8,1,1,1.3,43,1065,5,True
40,0.2,0.8,1,1,1.3,43,1066,1,True
40,0.2,0.8,1,1,1.3,43,1067,2,True
40,0.2,0.8,1,1,1.3,43,1068,2,True
40,0.2,0.8,1,1,1.3,43,1069,2,True
40,0.2,0.8,1,1,1.3,43,1070,2,True
40,0.2,0.8,1,1,1.3,43,1071,2,True
40,0.2,0.8,1,1,1.3,43,1072,2,True
40,0.2,0.8,1,1,1.3,43,1073,3,True
40,0.2,0.8,1,1,1.3,43,1074,2,True
40,0.2,0.8,1,1,1.3,43,1075,1,True
40,0.2,0.8,1,1,1.3,43,1076,2,True
40,0.2,0.8,1,1,1.3,43,1077,3,True
40,0.2,0.8,1,1,1.3,43,1078,2,True
40,0.2,0.8,1,1,1.3,43,1079,3,True
40,0.2,0.8,1,1,1.3,43,1080,2,True
40,0.2,0.8,1,1,1.3,43,1081,3,True
40,0.2,0.8,1,1,1.3,43,1082,2,True
40,0.2,0.8,1,1,1.3,43,1083,3,True
40,0.2,0.8,1,1,1.3,43,1084,1,True
40,0.2,0.8,1,1,1.3,43,1085,2,True
40,0.2,0.8,1,1,1.3,43,1086,1,True
40,0.2,0.8,1,1,1.3,43,1087,2,True
40,0.2,0.8,1,1,1.3,43,1088,3,True
40,0.2,0.8,1,1,1.3,43,1089,3,True
40,0.2,0.8,1,1,1.3,43,1090,3,True
40,0.2,0.8,1,1,1.3,43,1091,3,True
40,0.2,0.8,1,1,1.3,43,1092,2,True
40,0.2,0.8,1,1,1.3,43,1093,1,True
40,0.2,0.8,1,1,1.3,43,1094,2,True
40,0.2,0.8,1,1,1.3,43,1095,3,True
40,0.2,0.8,1,1,1.3,43,1096,3,True
40,0.2,0.8,1,1,1.3,43,1097,2,True
40,0.2,0.8,1,1,1.3,43,1098,2,True
40,0.2,0.8,1,1,1.3,43,1099,2,True
40,0.2,0.8,1,1,1.3,43,1100,2,True
40,0.2,0.8,1,1,1.3,43,1101,3,True
40,0.2,0.8,1,1,1.3,43,1102,1,True
40,0.2,0.8,1,1,1.3,43,1103,1,True
40,0.2,0.8,1,1,1.3,43,1104,2,True
40,0.2,0.8,1,1,1.3,43,1105,3,True
40,0.2,0.8,1,1,1.3,43,1106,2,True
40,0.2,0.8,1,1,1.3,43,1107,1,True
40,0.2,0.8,1,1,1.3,43,1108,2,True
40,0.2,0.8,1,1,1.3,43,1109,3,True
40,0.2,0.8,1,1,1.3,43,1110,3,True
40,0.2,0.8,1,1,1.3,43,1111,1,True
40,0.2,0.8,1,1,1.3,43,1112,1,True
40,0.2,0.8,1,1,1.3,43,1113,4,True
40,0.2,0.8,1,1,1.3,43,1114,1,True
40,0.2,0.8,1,1,1.3,43,1115,2,True
40,0.2,0.8,1,1,1.3,43,1116,2,True
40,0.2,0.8,1,1,1.3,43,1117,2,True
40,0.2,0.8,1,1,1.3,43,1118,2,True
40,0.2,0.8,1,1,1.3,43,1119,2,True
40,0.2,0.8,1,1,1.3,43,1120,3,True
40,0.2,0.8,1,1,1.3,43,1121,1,True
40,0.2,0.8,1,1,1.3,43,1122,2,True
40,0.2,0.8,1,1,1.3,43,1123,2,True
40,0.2,0.8,1,1,1.3,43,1124,1,True
40,0.2,0.8,1,1,1.3,43,1125,2,True
40,0.2,0.8,1,1,1.3,43,1126,1,True
40,0.2,0.8,1,1,1.3,43,1127,2,True
40,0.2,0.8,1,1,1.3,43,1128,1,True
40,0.2,0.8,1,1,1.3,43,1129,2,True
40,0.2,0.8,1,1,1.3,43,1130,2,True
40,0.2,0.8,1,1,1.3,43,1131,3,True
40,0.2,0.8,1,1,1.3,43,1132,3,True
40,0.2,0.8,1,1,1.3,43,1133,2,True
40,0.2,0.8,1,1,1.3,43,1134,2,True
40,0.2,0.8,1,1,1.3,43,1135,1,True
40,0.2,0.8,1,1,1.3,43,1136,2,True
40,0.2,0.8,1,1,1.3,43,1137,2,True
40,0.2,0.8,1,1,1.3,43,1138,1,True
40,0.2,0.8,1,1,1.3,43,1139,3,True
40,0.2,0.8,1,1,1.3,43,1140,3,True
40,0.2,0.8,1,1,1.3,43,1141,3,True
40,0.2,0.8,1,1,1.3,43,1142,2,True
40,0.2,0.8,1,1,1.3,43,1143,3,True
40,0.2,0.8,1,1,1.3,43,1144,4,True
40,0.2,0.8,1,1,1.3,43,1145,1,True
40,0.2,0.8,1,1,1.3,43,1146,2,True
40,0.2,0.8,1,1,1.3,43,1147,3,True
40,0.2,0.8,1,1,1.3,43,1148,3,True
40,0.2,0.8,1,1,1.3,43,1149,2,True
40,0.2,0.8,1,1,1.3,43,1150,2,True
40,0.2,0.8,1,1,1.3,43,1151,2,True
40,0.2,0.8,1,1,1.3,43,1152,2,True
40,0.2,0.8,1,1,1.3,43,1153,1,True
40,0.2,0.8,1,1,1.3,43,1154,2,True
40,0.2,0.8,1,1,1.3,43,1155,4,True
40,0.2,0.8,1,1,1.3,43,1156,1,True
40,0.2,0.8,1,1,1.3,43,1157,3,True
40,0.2,0.8,1,1,1.3,43,1158,4,True
40,0.2,0.8,1,1,1.3,43,1159,2,True
40,0.2,0.8,1,1,1.3,43,1160,4,True
40,0.2,0.8,1,1,1.3,43,1161,1,True
40,0.2,0.8,1,1,1.3,43,1162,1,True
40,0.2,0.8,1,1,1.3,43,1163,3,True
40,0.2,0.8,1,1,1.3,43,1164,3,True
40,0.2,0.8,1,1,1.3,43,1165,2,True
40,0.2,0.8,1,1,1.3,43,1166,3,True
40,0.2,0.8,1,1,1.3,43,1167,3,True
40,0.2,0.8,1,1,1.3,43,1168,3,True
40,0.2,0.8,1,1,1.3,43,1169,3,True
40,0.2,0.8,1,1,1.3,43,1170,2,True
40,0.2,0.8,1,1,1.3,43,1171,2,True
40,0.2,0.8,1,1,1.3,43,1172,2,True
40,0.2,0.8,1,1,1.3,43,1173,3,True
40,0.2,0.8,1,1,1.3,43,1174,2,True
40,0.2,0.8,1,1,1.3,43,1175,2,True
40,0.2,0.8,1,1,1.3,43,1176,1,True
40,0.2,0.8,1,1,1.3,43,1177,1,True
40,0.2,0.8,1,1,1.3,43,1178,3,True
40,0.2,0.8,1,1,1.3,43,1179,2,True
40,0.2,0.8,1,1,1.3,43,1180,4,True
40,0.2,0.8,1,1,1.3,43,1181,4,True
40,0.2,0.8,1,1,1.3,43,1182,4,True
40,0.2,0.8,1,1,1.3,43,1183,3,True
40,0.2,0.8,1,1,1.3,43,1184,1,True
40,0.2,0.8,1,1,1.3,43,1185,2,True
40,0.2,0.8,1,1,1.3,43,1186,1,True
40,0.2,0.8,1,1,1.3,43,1187,2,True
40,0.2,0.8,1,1,1.3,43,1188,2,True
40,0.2,0.8,1,1,1.3,43,1189,3,True
40,0.2,0.8,1,1,1.3,43,1190,2,True
40,0.2,0.8,1,1,1.3,43,1191,3,True
40,0.2,0.8,1,1,1.3,43,1192,1,True
40,0.2,0.8,1,1,1.3,43,1193,3,True
40,0.2,0.8,1,1,1.3,43,1194,1,True
40,0.2,0.8,1,1,1.3,43,1195,2,True
40,0.2,0.8,1,1,1.3,43,1196,2,True
40,0.2,0.8,1,1,1.3,43,1197,2,True
40,0.2,0.8,1,1,1.3,43,1198,3,True
40,0.2,0.8,1,1,1.3,43,1199,2,True
40,0.2,0.8,1,1,1.3,43,1200,3,True
40,0.2,0.8,1,1,1.3,43,1201,3,True
40,0.2,0.8,1,1,1.3,43,1202,2,True
40,0.2,0.8,1,1,1.3,43,1203,3,True
40,0.2,0.8,1,1,1.3,43,1204,2,True
40,0.2,0.8,1,1,1.3,43,1205,1,True
40,0.2,0.8,1,1,1.3,43,1206,3,True
40,0.2,0.8,1,1,1.3,43,1207,2,True
40,0.2,0.8,1,1,1.3,43,1208,3,True
40,0.2,0.8,1,1,1.3,43,1209,2,True
40,0.2,0.8,1,1,1.3,43,1210,2,True
40,0.2,0.8,1,1,1.3,43,1211,2,True
40,0.2,0.8,1,1,1.3,43,1212,2,True
40,0.2,0.8,1,1,1.3,43,1213,2,True
40,0.2,0.8,1,1,1.3,43,1214,1,True
40,0.2,0.8,1,1,1.3,43,1215,3,True
40,0.2,0.8,1,1,1.3,43,1216,2,True
40,0.2,0.8,1,1,1.3,43,1217,1,True
40,0.2,0.8,1,1,1.3,43,1218,3,True
40,0.2,0.8,1,1,1.3,43,1219,3,True
40,0.2,0.8,1,1,1.3,43,1220,4,True
40,0.2,0.8,1,1,1.3,43,1221,3,True
40,0.2,0.8,1,1,1.3,43,1222,1,True
40,0.2,0.8,1,1,1.3,43,1223,2,True
40,0.2,0.8,1,1,1.3,43,1224,4,True
40,0.2,0.8,1,1,1.3,43,1225,2,True
40,0.2,0.8,1,1,1.3,43,1226,2,True
40,0.2,0.8,1,1,1.3,43,1227,2,True
40,0.2,0.8,1,1,1.3,43,1228,1,True
40,0.2,0.8,1,1,1.3,43,1229,2,True
40,0.2,0.8,1,1,1.3,43,1230,3,True
40,0.2,0.8,1,1,1.3,43,1231,2,True
40,0.2,0.8,1,1,1.3,43,1232,2,True
40,0.2,0.8,1,1,1.3,43,1233,2,True
40,0.2,0.8,1,1,1.3,43,1234,2,True
40,0.2,0.8,1,1,1.3,43,1235,3,True
40,0.2,0.8,1,1,1.3,43,1236,1,True
40,0.2,0.8,1,1,1.3,43,1237,1,True
40,0.2,0.8,1,1,1.3,43,1238,3,True
40,0.2,0.8,1,1,1.3,43,1239,3,True
40,0.2,0.8,1,1,1.3,43,1240,2,True
40,0.2,0.8,1,1,1.3,43,1241,1,True
40,0.2,0.8,1,1,1.3,43,1242,3,True
40,0.2,0.8,1,1,1.3,43,1243,2,True
40,0.2,0.8,1,1,1.3,43,1244,2,True
40,0.2,0.8,1,1,1.3,43,1245,2,True
40,0.2,0.8,1,1,1.3,43,1246,2,True
40,0.2,0.8,1,1,1.3,43,1247,1,True
40,0.2,0.8,1,1,1.3,43,1248,2,True
40,0.2,0.8,1,1,1.3,43,1249,2,True
40,0.2,0.8,1,1,1.3,43,1250,2,True
40,0.2,0.8,1,1,1.3,43,1251,2,True
40,0.2,0.8,1,1,1.3,43,1252,2,True
40,0.2,0.8,1,1,1.3,43,1253,3,True
40,0.2,0.8,1,1,1.3,43,1254,1,True
40,0.2,0.8,1,1,1.3,43,1255,2,True
40,0.2,0.8,1,1,1.3,43,1256,3,True
40,0.2,0.8,1,1,1.3,43,1257,1,True
40,0.2,0.8,1,1,1.3,43,1258,2,True
40,0.2,0.8,1,1,1.3,43,1259,2,True
40,0.2,0.8,1,1,1.3,43,1260,2,True
40,0.2,0.8,1,1,1.3,43,1261,3,True
40,0.2,0.8,1,1,1.3,43,1262,2,True
40,0.2,0.8,1,1,1.3,43,1263,3,True
40,0.2,0.8,1,1,1.3,43,1264,2,True
40,0.2,0.8,1,1,1.3,43,1265,2,True
40,0.2,0.8,1,1,1.3,43,1266,3,True
40,0.2,0.8,1,1,1.3,43,1267,3,True
40,0.2,0.8,1,1,1.3,43,1268,2,True
40,0.2,0.8,1,1,1.3,43,1269,2,True
40,0.2,0.8,1,1,1.3,43,1270,1,True
40,0.2,0.8,1,1,1.3,43,1271,2,True
40,0.2,0.8,1,1,1.3,43,1272,3,True
40,0.2,0.8,1,1,1.3,43,1273,2,True
40,0.2,0.8,1,1,1.3,43,1274,1,True
40,0.2,0.8,1,1,1.3,43,1275,1,True
40,0.2,0.8,1,1,1.3,43,1276,4,True
40,0.2,0.8,1,1,1.3,43,1277,1,True
40,0.2,0.8,1,1,1.3,43,1278,2,True
40,0.2,0.8,1,1,1.3,43,1279,2,True
40,0.2,0.8,1,1,1.3,43,1280,1,True
40,0.2,0.8,1,1,1.3,43,1281,3,True
40,0.2,0.8,1,1,1.3,43,1282,3,True
40,0.2,0.8,1,1,1.3,43,1283,2,True
40,0.2,0.8,1,1,1.3,43,1284,3,True
40,0.2,0.8,1,1,1.3,43,1285,7,True
40,0.2,0.8,1,1,1.3,43,1286,1,True
40,0.2,0.8,1,1,1.3,43,1287,1,True
40,0.2,0.8,1,1,1.3,43,1288,4,True
40,0.2,0.8,1,1,1.3,43,1289,2,True
40,0.2,0.8,1,1,1.3,43,1290,2,True
40,0.2,0.8,1,1,1.3,43,1291,3,True
40,0.2,0.8,1,1,1.3,43,1292,3,True
40,0.2,0.8,1,1,1.3,43,1293,2,True
40,0.2,0.8,1,1,1.3,43,1294,2,True
40,0.2,0.8,1,1,1.3,43,1295,3,True
40,0.2,0.8,1,1,1.3,43,1296,2,True
40,0.2,0.8,1,1,1.3,43,1297,3,True
40,0.2,0.8,1,1,1.3,43,1298,1,True
40,0.2,0.8,1,1,1.3,43,1299,1,True
40,0.2,0.8,1,1,1.3,43,1300,1,True
40,0.2,0.8,1,1,1.3,43,1301,3,True
40,0.2,0.8,1,1,1.3,43,1302,3,True
40,0.2,0.8,1,1,1.3,43,1303,2,True
40,0.2,0.8,1,1,1.3,43,1304,3,True
40,0.2,0.8,1,1,1.3,43,1305,1,True
40,0.2,0.8,1,1,1.3,43,1306,3,True
40,0.2,0.8,1,1,1.3,43,1307,2,True
40,0.2,0.8,1,1,1.3,43,1308,3,True
40,0.2,0.8,1,1,1.3,43,1309,2,True
40,0.2,0.8,1,1,1.3,43,1310,4,True
40,0.2,0.8,1,1,1.3,43,1311,2,True
40,0.2,0.8,1,1,1.3,43,1312,2,True
40,0.2,0.8,1,1,1.3,43,1313,2,True
40,0.2,0.8,1,1,1.3,43,1314,1,True
40,0.2,0.8,1,1,1.3,43,1315,2,True
40,0.2,0.8,1,1,1.3,43,1316,2,True
40,0.2,0.8,1,1,1.3,43,1317,1,True
40,0.2,0.8,1,1,1.3,43,1318,2,True
40,0.2,0.8,1,1,1.3,43,1319,3,True
40,0.2,0.8,1,1,1.3,43,1320,2,True
40,0.2,0.8,1,1,1.3,43,1321,1,True
40,0.2,0.8,1,1,1.3,43,1322,2,True
40,0.2,0.8,1,1,1.3,43,1323,2,True
40,0.2,0.8,1,1,1.3,43,1324,2,True
40,0.2,0.8,1,1,1.3,43,1325,3,True
40,0.2,0.8,1,1,1.3,43,1326,3,True
40,0.2,0.8,1,1,1.3,43,1327,4,True
40,0.2,0.8,1,1,1.3,43,1328,2,True
40,0.2,0.8,1,1,1.3,43,1329,2,True
40,0.2,0.8,1,1,1.3,43,1330,1,True
40,0.2,0.8,1,1,1.3,43,1331,3,True
40,0.2,0.8,1,1,1.3,43,1332,2,True
40,0.2,0.8,1,1,1.3,43,1333,2,True
40,0.2,0.8,1,1,1.3,43,1334,3,True
40,0.2,0.8,1,1,1.3,43,1335,2,True
40,0.2,0.8,1,1,1.3,43,1336,2,True
40,0.2,0.8,1,1,1.3,43,1337,1,True
40,0.2,0.8,1,1,1.3,43,1338,2,True
40,0.2,0.8,1,1,1.3,43,1339,1,True
40,0.2,0.8,1,1,1.3,43,1340,3,True
40,0.2,0.8,1,1,1.3,43,1341,2,True
40,0.2,0.8,1,1,1.3,43,1342,1,True
40,0.2,0.8,1,1,1.3,43,1343,2,True
40,0.2,0.8,1,1,1.3,43,1344,3,True
40,0.2,0.8,1,1,1.3,43,1345,2,True
40,0.2,0.8,1,1,1.3,43,1346,3,True
40,0.2,0.8,1,1,1.3,43,1347,2,True
40,0.2,0.8,1,1,1.3,43,1348,2,True
40,0.2,0.8,1,1,1.3,43,1349,3,True
40,0.2,0.8,1,1,1.3,43,1350,1,True
40,0.2,0.8,1,1,1.3,43,1351,1,True
40,0.2,0.8,1,1,1.3,43,1352,3,True
40,0.2,0.8,1,1,1.3,43,1353,4,True
40,0.2,0.8,1,1,1.3,43,1354,3,True
40,0.2,0.8,1,1,1.3,43,1355,1,True
40,0.2,0.8,1,1,1.3,43,1356,3,True
40,0.2,0.8,1,1,1.3,43,1357,2,True
40,0.2,0.8,1,1,1.3,43,1358,4,True
40,0.2,0.8,1,1,1.3,43,1359,2,True
40,0.2,0.8,1,1,1.3,43,1360,2,True
40,0.2,0.8,1,1,1.3,43,1361,2,True
40,0.2,0.8,1,1,1.3,43,1362,1,True
40,0.2,0.8,1,1,1.3,43,1363,1,True
40,0.2,0.8,1,1,1.3,43,1364,2,True
40,0.2,0.8,1,1,1.3,43,1365,1,True
40,0.2,0.8,1,1,1.3,43,1366,3,True
40,0.2,0.8,1,1,1.3,43,1367,2,True
40,0.2,0.8,1,1,1.3,43,1368,3,True
40,0.2,0.8,1,1,1.3,43,1369,2,True
40,0.2,0.8,1,1,1.3,43,1370,2,True
40,0.2,0.8,1,1,1.3,43,1371,2,True
40,0.2,0.8,1,1,1.3,43,1372,5,True
40,0.2,0.8,1,1,1.3,43,1373,2,True
40,0.2,0.8,1,1,1.3,43,1374,1,True
40,0.2,0.8,1,1,1.3,43,1375,2,True
40,0.2,0.8,1,1,1.3,43,1376,2,True
40,0.2,0.8,1,1,1.3,43,1377,2,True
40,0.2,0.8,1,1,1.3,43,1378,3,True
40,0.2,0.8,1,1,1.3,43,1379,2,True
40,0.2,0.8,1,1,1.3,43,1380,2,True
40,0.2,0.8,1,1,1.3,43,1381,2,True
40,0.2,0.8,1,1,1.3,43,1382,2,True
40,0.2,0.8,1,1,1.3,43,1383,3,True
40,0.2,0.8,1,1,1.3,43,1384,2,True
40,0.2,0.8,1,1,1.3,43,1385,3,True
40,0.2,0.8,1,1,1.3,43,1386,2,True
40,0.2,0.8,1,1,1.3,43,1387,1,True
40,0.2,0.8,1,1,1.3,43,1388,2,True
40,0.2,0.8,1,1,1.3,43,1389,2,True
40,0.2,0.8,1,1,1.3,43,1390,3,True
40,0.2,0.8,1,1,1.3,43,1391,2,True
40,0.2,0.8,1,1,1.3,43,1392,4,True
40,0.2,0.8,1,1,1.3,43,1393,1,True
40,0.2,0.8,1,1,1.3,43,1394,2,True
40,0.2,0.8,1,1,1.3,43,1395,2,True
40,0.2,0.8,1,1,1.3,43,1396,2,True
40,0.2,0.8,1,1,1.3,43,1397,3,True
40,0.2,0.8,1,1,1.3,43,1398,2,True
40,0.2,0.8,1,1,1.3,43,1399,3,True
40,0.2,0.8,1,1,1.3,43,1400,2,True
40,0.2,0.8,1,1,1.3,43,1401,3,True
40,0.2,0.8,1,1,1.3,43,1402,1,True
40,0.2,0.8,1,1,1.3,43,1403,2,True
40,0.2,0.8,1,1,1.3,43,1404,2,True
40,0.2,0.8,1,1,1.3,43,1405,2,True
40,0.2,0.8,1,1,1.3,43,1406,2,True
40,0.2,0.8,1,1,1.3,43,1407,4,True
40,0.2,0.8,1,1,1.3,43,1408,3,True
40,0.2,0.8,1,1,1.3,43,1409,2,True
40,0.2,0.8,1,1,1.3,43,1410,1,True
40,0.2,0.8,1,1,1.3,43,1411,2,True
40,0.2,0.8,1,1,1.3,43,1412,2,True
40,0.2,0.8,1,1,1.3,43,1413,2,True
40,0.2,0.8,1,1,1.3,43,1414,2,True
40,0.2,0.8,1,1,1.3,43,1415,2,True
40,0.2,0.8,1,1,1.3,43,1416,3,True
40,0.2,0.8,1,1,1.3,43,1417,2,True
40,0.2,0.8,1,1,1.3,43,1418,1,True
40,0.2,0.8,1,1,1.3,43,1419,3,True
40,0.2,0.8,1,1,1.3,43,1420,2,True
40,0.2,0.8,1,1,1.3,43,1421,2,True
40,0.2,0.8,1,1,1.3,43,1422,1,True
40,0.2,0.8,1,1,1.3,43,1423,1,True
40,0.2,0.8,1,1,1.3,43,1424,3,True
40,0.2,0.8,1,1,1.3,43,1425,3,True
40,0.2,0.8,1,1,1.3,43,1426,1,True
40,0.2,0.8,1,1,1.3,43,1427,1,True
40,0.2,0.8,1,1,1.3,43,1428,2,True
40,0.2,0.8,1,1,1.3,43,1429,1,True
40,0.2,0.8,1,1,1.3,43,1430,1,True
40,0.2,0.8,1,1,1.3,43,1431,1,True
40,0.2,0.8,1,1,1.3,43,1432,2,True
40,0.2,0.8,1,1,1.3,43,1433,4,True
40,0.2,0.8,1,1,1.3,43,1434,2,True
40,0.2,0.8,1,1,1.3,43,1435,1,True
40,0.2,0.8,1,1,1.3,43,1436,2,True
40,0.2,0.8,1,1,1.3,43,1437,3,True
40,0.2,0.8,1,1,1.3,43,1438,2,True
40,0.2,0.8,1,1,1.3,43,1439,2,True
40,0.2,0.8,1,1,1.3,43,1440,2,True
40,0.2,0.8,1,1,1.3,43,1441,3,True
40,0.2,0.8,1,1,1.3,43,1442,1,True
40,0.2,0.8,1,1,1.3,43,1443,1,True
40,0.2,0.8,1,1,1.3,43,1444,2,True
40,0.2,0.8,1,1,1.3,43,1445,1,True
40,0.2,0.8,1,1,1.3,43,1446,2,True
40,0.2,0.8,1,1,1.3,43,1447,1,True
40,0.2,0.8,1,1,1.3,43,1448,2,True
40,0.2,0.8,1,1,1.3,43,1449,3,True
40,0.2,0.8,1,1,1.3,43,1450,2,True
40,0.2,0.8,1,1,1.3,43,1451,3,True
40,0.2,0.8,1,1,1.3,43,1452,2,True
40,0.2,0.8,1,1,1.3,43,1453,1,True
40,0.2,0.8,1,1,1.3,43,1454,2,True
40,0.2,0.8,1,1,1.3,43,1455,3,True
40,0.2,0.8,1,1,1.3,43,1456,1,True
40,0.2,0.8,1,1,1.3,43,1457,4,True
40,0.2,0.8,1,1,1.3,43,1458,2,True
40,0.2,0.8,1,1,1.3,43,1459,3,True
40,0.2,0.8,1,1,1.3,43,1460,1,True
40,0.2,0.8,1,1,1.3,43,1461,4,True
40,0.2,0.8,1,1,1.3,43,1462,1,True
40,0.2,0.8,1,1,1.3,43,1463,2,True
40,0.2,0.8,1,1,1.3,43,1464,3,True
40,0.2,0.8,1,1,1.3,43,1465,2,True
40,0.2,0.8,1,1,1.3,43,1466,1,True
40,0.2,0.8,1,1,1.3,43,1467,2,True
40,0.2,0.8,1,1,1.3,43,1468,3,True
40,0.2,0.8,1,1,1.3,43,1469,3,True
40,0.2,0.8,1,1,1.3,43,1470,3,True
40,0.2,0.8,1,1,1.3,43,1471,2,True
40,0.2,0.8,1,1,1.3,43,1472,2,True
40,0.2,0.8,1,1,1.3,43,1473,2,True
40,0.2,0.8,1,1,1.3,43,1474,1,True
40,0.2,0.8,1,1,1.3,43,1475,1,True
40,0.2,0.8,1,1,1.3,43,1476,2,True
40,0.2,0.8,1,1,1.3,43,1477,2,True
40,0.2,0.8,1,1,1.3,43,1478,2,True
40,0.2,0.8,1,1,1.3,43,1479,2,True
40,0.2,0.8,1,1,1.3,43,1480,1,True
40,0.2,0.8,1,1,1.3,43,1481,2,True
40,0.2,0.8,1,1,1.3,43,1482,4,True
40,0.2,0.8,1,1,1.3,43,1483,2,True
40,0.2,0.8,1,1,1.3,43,1484,3,True
40,0.2,0.8,1,1,1.3,43,1485,2,True
40,0.2,0.8,1,1,1.3,43,1486,3,True
40,0.2,0.8,1,1,1.3,43,1487,1,True
40,0.2,0.8,1,1,1.3,43,1488,2,True
40,0.2,0.8,1,1,1.3,43,1489,2,True
40,0.2,0.8,1,1,1.3,43,1490,1,True
40,0.2,0.8,1,1,1.3,43,1491,3,True
40,0.2,0.8,1,1,1.3,43,1492,1,True
40,0.2,0.8,1,1,1.3,43,1493,3,True
40,0.2,0.8,1,1,1.3,43,1494,1,True
40,0.2,0.8,1,1,1.3,43,1495,6,True
40,0.2,0.8,1,1,1.3,43,1496,1,True
40,0.2,0.8,1,1,1.3,43,1497,2,True
40,0.2,0.8,1,1,1.3,43,1498,1,True
40,0.2,0.8,1,1,1.3,43,1499,3,True
40,0.2,0.8,1,1,1.3,43,1500,2,True
40,0.2,0.8,1,1,1.3,43,1501,1,True
40,0.2,0.8,1,1,1.3,43,1502,3,True
40,0.2,0.8,1,1,1.3,43,1503,1,True
40,0.2,0.8,1,1,1.3,43,1504,2,True
40,0.2,0.8,1,1,1.3,43,1505,2,True
40,0.2,0.8,1,1,1.3,43,1506,3,True
40,0.2,0.8,1,1,1.3,43,1507,2,True
40,0.2,0.8,1,1,1.3,43,1508,1,True
40,0.2,0.8,1,1,1.3,43,1509,2,True
40,0.2,0.8,1,1,1.3,43,1510,1,True
40,0.2,0.8,1,1,1.3,43,1511,1,True
40,0.2,0.8,1,1,1.3,43,1512,2,True
40,0.2,0.8,1,1,1.3,43,1513,1,True
40,0.2,0.8,1,1,1.3,43,1514,1,True
40,0.2,0.8,1,1,1.3,43,1515,3,True
40,0.2,0.8,1,1,1.3,43,1516,2,True
40,0.2,0.8,1,1,1.3,43,1517,1,True
40,0.2,0.8,1,1,1.3,43,1518,3,True
40,0.2,0.8,1,1,1.3,43,1519,1,True
40,0.2,0.8,1,1,1.3,43,1520,2,True
40,0.2,0.8,1,1,1.3,43,1521,3,True
40,0.2,0.8,1,1,1.3,43,1522,3,True
40,0.2,0.8,1,1,1.3,43,1523,1,True
40,0.2,0.8,1,1,1.3,43,1524,2,True
40,0.2,0.8,1,1,1.3,43,1525,1,True
40,0.2,0.8,1,1,1.3,43,1526,3,True
40,0.2,0.8,1,1,1.3,43,1527,1,True
40,0.2,0.8,1,1,1.3,43,1528,2,True
40,0.2,0.8,1,1,1.3,43,1529,1,True
40,0.2,0.8,1,1,1.3,43,1530,3,True
40,0.2,0.8,1,1,1.3,43,1531,3,True
40,0.2,0.8,1,1,1.3,43,1532,3,True
40,0.2,0.8,1,1,1.3,43,1533,3,True
40,0.2,0.8,1,1,1.3,43,1534,2,True
40,0.2,0.8,1,1,1.3,43,1535,2,True
40,0.2,0.8,1,1,1.3,43,1536,2,True
40,0.2,0.8,1,1,1.3,43,1537,3,True
40,0.2,0.8,1,1,1.3,43,1538,3,True
40,0.2,0.8,1,1,1.3,43,1539,3,True
40,0.2,0.8,1,1,1.3,43,1540,3,True
40,0.2,0.8,1,1,1.3,43,1541,1,True
40,0.2,0.8,1,1,1.3,43,1542,2,True
40,0.2,0.8,1,1,1.3,43,1543,1,True
40,0.2,0.8,1,1,1.3,43,1544,2,True
40,0.2,0.8,1,1,1.3,43,1545,3,True
40,0.2,0.8,1,1,1.3,43,1546,3,True
40,0.2,0.8,1,1,1.3,43,1547,2,True
40,0.2,0.8,1,1,1.3,43,1548,2,True
40,0.2,0.8,1,1,1.3,43,1549,2,True
40,0.2,0.8,1,1,1.3,43,1550,2,True
40,0.2,0.8,1,1,1.3,43,1551,3,True
40,0.2,0.8,1,1,1.3,43,1552,1,True
40,0.2,0.8,1,1,1.3,43,1553,2,True
40,0.2,0.8,1,1,1.3,43,1554,2,True
40,0.2,0.8,1,1,1.3,43,1555,2,True
40,0.2,0.8,1,1,1.3,43,1556,2,True
40,0.2,0.8,1,1,1.3,43,1557,3,True
40,0.2,0.8,1,1,1.3,43,1558,3,True
40,0.2,0.8,1,1,1.3,43,1559,2,True
40,0.2,0.8,1,1,1.3,43,1560,2,True
40,0.2,0.8,1,1,1.3,43,1561,1,True
40,0.2,0.8,1,1,1.3,43,1562,2,True
40,0.2,0.8,1,1,1.3,43,1563,3,True
40,0.2,0.8,1,1,1.3,43,1564,4,True
40,0.2,0.8,1,1,1.3,43,1565,3,True
40,0.2,0.8,1,1,1.3,43,1566,1,True
40,0.2,0.8,1,1,1.3,43,1567,2,True
40,0.2,0.8,1,1,1.3,43,1568,2,True
40,0.2,0.8,1,1,1.3,43,1569,2,True
40,0.2,0.8,1,1,1.3,43,1570,4,True
40,0.2,0.8,1,1,1.3,43,1571,2,True
40,0.2,0.8,1,1,1.3,43,1572,1,True
40,0.2,0.8,1,1,1.3,43,1573,4,True
40,0.2,0.8,1,1,1.3,43,1574,2,True
40,0.2,0.8,1,1,1.3,43,1575,2,True
40,0.2,0.8,1,1,1.3,43,1576,3,True
40,0.2,0.8,1,1,1.3,43,1577,2,True
40,0.2,0.8,1,1,1.3,43,1578,4,True
40,0.2,0.8,1,1,1.3,43,1579,2,True
40,0.2,0.8,1,1,1.3,43,1580,2,True
40,0.2,0.8,1,1,1.3,43,1581,1,True
40,0.2,0.8,1,1,1.3,43,1582,1,True
40,0.2,0.8,1,1,1.3,43,1583,2,True
40,0.2,0.8,1,1,1.3,43,1584,3,True
40,0.2,0.8,1,1,1.3,43,1585,2,True
40,0.2,0.8,1,1,1.3,43,1586,2,True
40,0.2,0.8,1,1,1.3,43,1587,3,True
40,0.2,0.8,1,1,1.3,43,1588,2,True
40,0.2,0.8,1,1,1.3,43,1589,3,True
40,0.2,0.8,1,1,1.3,43,1590,2,True
40,0.2,0.8,1,1,1.3,43,1591,2,True
40,0.2,0.8,1,1,1.3,43,1592,2,True
40,0.2,0.8,1,1,1.3,43,1593,3,True
40,0.2,0.8,1,1,1.3,43,1594,2,True
40,0.2,0.8,1,1,1.3,43,1595,2,True
40,0.2,0.8,1,1,1.3,43,1596,2,True
40,0.2,0.8,1,1,1.3,43,1597,1,True
40,0.2,0.8,1,1,1.3,43,1598,2,True
40,0.2,0.8,1,1,1.3,43,1599,1,True
40,0.2,0.8,1,1,1.3,43,1600,2,True
40,0.2,0.8,1,1,1.3,43,1601,1,True
40,0.2,0.8,1,1,1.3,43,1602,2,True
40,0.2,0.8,1,1,1.3,43,1603,1,True
40,0.2,0.8,1,1,1.3,43,1604,3,True
40,0.2,0.8,1,1,1.3,43,1605,3,True
40,0.2,0.8,1,1,1.3,43,1606,1,True
40,0.2,0.8,1,1,1.3,43,1607,2,True
40,0.2,0.8,1,1,1.3,43,1608,2,True
40,0.2,0.8,1,1,1.3,43,1609,1,True
40,0.2,0.8,1,1,1.3,43,1610,2,True
40,0.2,0.8,1,1,1.3,43,1611,2,True
40,0.2,0.8,1,1,1.3,43,1612,3,True
40,0.2,0.8,1,1,1.3,43,1613,2,True
40,0.2,0.8,1,1,1.3,43,1614,3,True
40,0.2,0.8,1,1,1.3,43,1615,2,True
40,0.2,0.8,1,1,1.3,43,1616,2,True
40,0.2,0.8,1,1,1.3,43,1617,3,True
40,0.2,0.8,1,1,1.3,43,1618,3,True
40,0.2,0.8,1,1,1.3,43,1619,2,True
40,0.2,0.8,1,1,1.3,43,1620,2,True
40,0.2,0.8,1,1,1.3,43,1621,3,True
40,0.2,0.8,1,1,1.3,43,1622,2,True
40,0.2,0.8,1,1,1.3,43,1623,1,True
40,0.2,0.8,1,1,1.3,43,1624,1,True
40,0.2,0.8,1,1,1.3,43,1625,3,True
40,0.2,0.8,1,1,1.3,43,1626,1,True
40,0.2,0.8,1,1,1.3,43,1627,2,True
40,0.2,0.8,1,1,1.3,43,1628,4,True
40,0.2,0.8,1,1,1.3,43,1629,2,True
40,0.2,0.8,1,1,1.3,43,1630,2,True
40,0.2,0.8,1,1,1.3,43,1631,2,True
40,0.2,0.8,1,1,1.3,43,1632,3,True
40,0.2,0.8,1,1,1.3,43,1633,1,True
40,0.2,0.8,1,1,1.3,43,1634,2,True
40,0.2,0.8,1,1,1.3,43,1635,3,True
40,0.2,0.8,1,1,1.3,43,1636,3,True
40,0.2,0.8,1,1,1.3,43,1637,1,True
40,0.2,0.8,1,1,1.3,43,1638,3,True
40,0.2,0.8,1,1,1.3,43,1639,3,True
40,0.2,0.8,1,1,1.3,43,1640,2,True
40,0.2,0.8,1,1,1.3,43,1641,2,True
40,0.2,0.8,1,1,1.3,43,1642,2,True
40,0.2,0.8,1,1,1.3,43,1643,1,True
40,0.2,0.8,1,1,1.3,43,1644,3,True
40,0.2,0.8,1,1,1.3,43,1645,3,True
40,0.2,0.8,1,1,1.3,43,1646,3,True
40,0.2,0.8,1,1,1.3,43,1647,2,True
40,0.2,0.8,1,1,1.3,43,1648,2,True
40,0.2,0.8,1,1,1.3,43,1649,2,True
40,0.2,0.8,1,1,1.3,43,1650,3,True
40,0.2,0.8,1,1,1.3,43,1651,2,True
40,0.2,0.8,1,1,1.3,43,1652,3,True
40,0.2,0.8,1,1,1.3,43,1653,2,True
40,0.2,0.8,1,1,1.3,43,1654,1,True
40,0.2,0.8,1,1,1.3,43,1655,2,True
40,0.2,0.8,1,1,1.3,43,1656,1,True
40,0.2,0.8,1,1,1.3,43,1657,1,True
40,0.2,0.8,1,1,1.3,43,1658,2,True
40,0.2,0.8,1,1,1.3,43,1659,2,True
40,0.2,0.8,1,1,1.3,43,1660,3,True
40,0.2,0.8,1,1,1.3,43,1661,2,True
40,0.2,0.8,1,1,1.3,43,1662,1,True
40,0.2,0.8,1,1,1.3,43,1663,2,True
40,0.2,0.8,1,1,1.3,43,1664,2,True
40,0.2,0.8,1,1,1.3,43,1665,2,True
40,0.2,0.8,1,1,1.3,43,1666,2,True
40,0.2,0.8,1,1,1.3,43,1667,2,True
40,0.2,0.8,1,1,1.3,43,1668,2,True
40,0.2,0.8,1,1,1.3,43,1669,2,True
40,0.2,0.8,1,1,1.3,43,1670,1,True
40,0.2,0.8,1,1,1.3,43,1671,3,True
40,0.2,0.8,1,1,1.3,43,1672,2,True
40,0.2,0.8,1,1,1.3,43,1673,1,True
40,0.2,0.8,1,1,1.3,43,1674,1,True
40,0.2,0.8,1,1,1.3,43,1675,4,True
40,0.2,0.8,1,1,1.3,43,1676,2,True
40,0.2,0.8,1,1,1.3,43,1677,1,True
40,0.2,0.8,1,1,1.3,43,1678,1,True
40,0.2,0.8,1,1,1.3,43,1679,2,True
40,0.2,0.8,1,1,1.3,43,1680,2,True
40,0.2,0.8,1,1,1.3,43,1681,2,True
40,0.2,0.8,1,1,1.3,43,1682,3,True
40,0.2,0.8,1,1,1.3,43,1683,2,True
40,0.2,0.8,1,1,1.3,43,1684,3,True
40,0.2,0.8,1,1,1.3,43,1685,3,True
40,0.2,0.8,1,1,1.3,43,1686,3,True
40,0.2,0.8,1,1,1.3,43,1687,4,True
40,0.2,0.8,1,1,1.3,43,1688,3,True
40,0.2,0.8,1,1,1.3,43,1689,3,True
40,0.2,0.8,1,1,1.3,43,1690,2,True
40,0.2,0.8,1,1,1.3,43,1691,2,True
40,0.2,0.8,1,1,1.3,43,1692,2,True
40,0.2,0.8,1,1,1.3,43,1693,3,True
40,0.2,0.8,1,1,1.3,43,1694,1,True
40,0.2,0.8,1,1,1.3,43,1695,2,True
40,0.2,0.8,1,1,1.3,43,1696,3,True
40,0.2,0.8,1,1,1.3,43,1697,1,True
40,0.2,0.8,1,1,1.3,43,1698,3,True
40,0.2,0.8,1,1,1.3,43,1699,3,True
40,0.2,0.8,1,1,1.3,43,1700,1,True
40,0.2,0.8,1,1,1.3,43,1701,3,True
40,0.2,0.8,1,1,1.3,43,1702,3,True
40,0.2,0.8,1,1,1.3,43,1703,1,True
40,0.2,0.8,1,1,1.3,43,1704,2,True
40,0.2,0.8,1,1,1.3,43,1705,2,True
40,0.2,0.8,1,1,1.3,43,1706,4,True
40,0.2,0.8,1,1,1.3,43,1707,1,True
40,0.2,0.8,1,1,1.3,43,1708,4,True
40,0.2,0.8,1,1,1.3,43,1709,3,True
40,0.2,0.8,1,1,1.3,43,1710,2,True
40,0.2,0.8,1,1,1.3,43,1711,2,True
40,0.2,0.8,1,1,1.3,43,1712,1,True
40,0.2,0.8,1,1,1.3,43,1713,1,True
40,0.2,0.8,1,1,1.3,43,1714,2,True
40,0.2,0.8,1,1,1.3,43,1715,2,True
40,0.2,0.8,1,1,1.3,43,1716,3,True
40,0.2,0.8,1,1,1.3,43,1717,2,True
40,0.2,0.8,1,1,1.3,43,1718,1,True
40,0.2,0.8,1,1,1.3,43,1719,1,True
40,0.2,0.8,1,1,1.3,43,1720,3,True
40,0.2,0.8,1,1,1.3,43,1721,2,True
40,0.2,0.8,1,1,1.3,43,1722,3,True
40,0.2,0.8,1,1,1.3,43,1723,1,True
40,0.2,0.8,1,1,1.3,43,1724,2,True
40,0.2,0.8,1,1,1.3,43,1725,3,True
40,0.2,0.8,1,1,1.3,43,1726,1,True
40,0.2,0.8,1,1,1.3,43,1727,2,True
40,0.2,0.8,1,1,1.3,43,1728,3,True
40,0.2,0.8,1,1,1.3,43,1729,1,True
40,0.2,0.8,1,1,1.3,43,1730,3,True
40,0.2,0.8,1,1,1.3,43,1731,2,True
40,0.2,0.8,1,1,1.3,43,1732,3,True
40,0.2,0.8,1,1,1.3,43,1733,2,True
40,0.2,0.8,1,1,1.3,43,1734,2,True
40,0.2,0.8,1,1,1.3,43,1735,1,True
40,0.2,0.8,1,1,1.3,43,1736,4,True
40,0.2,0.8,1,1,1.3,43,1737,2,True
40,0.2,0.8,1,1,1.3,43,1738,2,True
40,0.2,0.8,1,1,1.3,43,1739,2,True
40,0.2,0.8,1,1,1.3,43,1740,3,True
40,0.2,0.8,1,1,1.3,43,1741,3,True
40,0.2,0.8,1,1,1.3,43,1742,2,True
40,0.2,0.8,1,1,1.3,43,1743,1,True
40,0.2,0.8,1,1,1.3,43,1744,1,True
40,0.2,0.8,1,1,1.3,43,1745,2,True
40,0.2,0.8,1,1,1.3,43,1746,2,True
40,0.2,0.8,1,1,1.3,43,1747,2,True
40,0.2,0.8,1,1,1.3,43,1748,2,True
40,0.2,0.8,1,1,1.3,43,1749,1,True
40,0.2,0.8,1,1,1.3,43,1750,2,True
40,0.2,0.8,1,1,1.3,43,1751,2,True
40,0.2,0.8,1,1,1.3,43,1752,2,True
40,0.2,0.8,1,1,1.3,43,1753,3,True
40,0.2,0.8,1,1,1.3,43,1754,1,True
40,0.2,0.8,1,1,1.3,43,1755,3,True
40,0.2,0.8,1,1,1.3,43,1756,1,True
40,0.2,0.8,1,1,1.3,43,1757,2,True
40,0.2,0.8,1,1,1.3,43,1758,3,True
40,0.2,0.8,1,1,1.3,43,1759,2,True
40,0.2,0.8,1,1,1.3,43,1760,2,True
40,0.2,0.8,1,1,1.3,43,1761,2,True
40,0.2,0.8,1,1,1.3,43,1762,1,True
40,0.2,0.8,1,1,1.3,43,1763,2,True
40,0.2,0.8,1,1,1.3,43,1764,2,True
40,0.2,0.8,1,1,1.3,43,1765,3,True
40,0.2,0.8,1,1,1.3,43,1766,2,True
40,0.2,0.8,1,1,1.3,43,1767,3,True
40,0.2,0.8,1,1,1.3,43,1768,4,True
40,0.2,0.8,1,1,1.3,43,1769,3,True
40,0.2,0.8,1,1,1.3,43,1770,1,True
40,0.2,0.8,1,1,1.3,43,1771,2,True
40,0.2,0.8,1,1,1.3,43,1772,2,True
40,0.2,0.8,1,1,1.3,43,1773,2,True
40,0.2,0.8,1,1,1.3,43,1774,2,True
40,0.2,0.8,1,1,1.3,43,1775,1,True
40,0.2,0.8,1,1,1.3,43,1776,2,True
40,0.2,0.8,1,1,1.3,43,1777,1,True
40,0.2,0.8,1,1,1.3,43,1778,3,True
40,0.2,0.8,1,1,1.3,43,1779,4,True
40,0.2,0.8,1,1,1.3,43,1780,5,True
40,0.2,0.8,1,1,1.3,43,1781,2,True
40,0.2,0.8,1,1,1.3,43,1782,2,True
40,0.2,0.8,1,1,1.3,43,1783,1,True
40,0.2,0.8,1,1,1.3,43,1784,2,True
40,0.2,0.8,1,1,1.3,43,1785,3,True
40,0.2,0.8,1,1,1.3,43,1786,3,True
40,0.2,0.8,1,1,1.3,43,1787,1,True
40,0.2,0.8,1,1,1.3,43,1788,2,True
40,0.2,0.8,1,1,1.3,43,1789,1,True
40,0.2,0.8,1,1,1.3,43,1790,3,True
40,0.2,0.8,1,1,1.3,43,1791,1,True
40,0.2,0.8,1,1,1.3,43,1792,2,True
40,0.2,0.8,1,1,1.3,43,1793,1,True
40,0.2,0.8,1,1,1.3,43,1794,1,True
40,0.2,0.8,1,1,1.3,43,1795,2,True
40,0.2,0.8,1,1,1.3,43,1796,2,True
40,0.2,0.8,1,1,1.3,43,1797,2,True
40,0.2,0.8,1,1,1.3,43,1798,3,True
40,0.2,0.8,1,1,1.3,43,1799,3,True
40,0.2,0.8,1,1,1.3,43,1800,1,True
40,0.2,0.8,1,1,1.3,43,1801,2,True
40,0.2,0.8,1,1,1.3,43,1802,3,True
40,0.2,0.8,1,1,1.3,43,1803,2,True
40,0.2,0.8,1,1,1.3,43,1804,1,True
40,0.2,0.8,1,1,1.3,43,1805,2,True
40,0.2,0.8,1,1,1.3,43,1806,3,True
40,0.2,0.8,1,1,1.3,43,1807,2,True
40,0.2,0.8,1,1,1.3,43,1808,2,True
40,0.2,0.8,1,1,1.3,43,1809,1,True
40,0.2,0.8,1,1,1.3,43,1810,2,True
40,0.2,0.8,1,1,1.3,43,1811,2,True
40,0.2,0.8,1,1,1.3,43,1812,3,True
40,0.2,0.8,1,1,1.3,43,1813,1,True
40,0.2,0.8,1,1,1.3,43,1814,2,True
40,0.2,0.8,1,1,1.3,43,1815,2,True
40,0.2,0.8,1,1,1.3,43,1816,1,True
40,0.2,0.8,1,1,1.3,43,1817,1,True
40,0.2,0.8,1,1,1.3,43,1818,2,True
40,0.2,0.8,1,1,1.3,43,1819,3,True
40,0.2,0.8,1,1,1.3,43,1820,2,True
40,0.2,0.8,1,1,1.3,43,1821,1,True
40,0.2,0.8,1,1,1.3,43,1822,3,True
40,0.2,0.8,1,1,1.3,43,1823,2,True
40,0.2,0.8,1,1,1.3,43,1824,4,True
40,0.2,0.8,1,1,1.3,43,1825,3,True
40,0.2,0.8,1,1,1.3,43,1826,2,True
40,0.2,0.8,1,1,1.3,43,1827,4,True
40,0.2,0.8,1,1,1.3,43,1828,2,True
40,0.2,0.8,1,1,1.3,43,1829,2,True
40,0.2,0.8,1,1,1.3,43,1830,2,True
40,0.2,0.8,1,1,1.3,43,1831,2,True
40,0.2,0.8,1,1,1.3,43,1832,3,True
40,0.2,0.8,1,1,1.3,43,1833,3,True
40,0.2,0.8,1,1,1.3,43,1834,1,True
40,0.2,0.8,1,1,1.3,43,1835,1,True
40,0.2,0.8,1,1,1.3,43,1836,1,True
40,0.2,0.8,1,1,1.3,43,1837,4,True
40,0.2,0.8,1,1,1.3,43,1838,2,True
40,0.2,0.8,1,1,1.3,43,1839,1,True
40,0.2,0.8,1,1,1.3,43,1840,2,True
40,0.2,0.8,1,1,1.3,43,1841,3,True
40,0.2,0.8,1,1,1.3,43,1842,2,True
40,0.2,0.8,1,1,1.3,43,1843,3,True
40,0.2,0.8,1,1,1.3,43,1844,1,True
40,0.2,0.8,1,1,1.3,43,1845,1,True
40,0.2,0.8,1,1,1.3,43,1846,4,True
40,0.2,0.8,1,1,1.3,43,1847,1,True
40,0.2,0.8,1,1,1.3,43,1848,2,True
40,0.2,0.8,1,1,1.3,43,1849,4,True
40,0.2,0.8,1,1,1.3,43,1850,2,True
40,0.2,0.8,1,1,1.3,43,1851,2,True
40,0.2,0.8,1,1,1.3,43,1852,3,True
40,0.2,0.8,1,1,1.3,43,1853,2,True
40,0.2,0.8,1,1,1.3,43,1854,1,True
40,0.2,0.8,1,1,1.3,43,1855,4,True
40,0.2,0.8,1,1,1.3,43,1856,2,True
40,0.2,0.8,1,1,1.3,43,1857,3,True
40,0.2,0.8,1,1,1.3,43,1858,1,True
40,0.2,0.8,1,1,1.3,43,1859,4,True
40,0.2,0.8,1,1,1.3,43,1860,3,True
40,0.2,0.8,1,1,1.3,43,1861,2,True
40,0.2,0.8,1,1,1.3,43,1862,1,True
40,0.2,0.8,1,1,1.3,43,1863,3,True
40,0.2,0.8,1,1,1.3,43,1864,2,True
40,0.2,0.8,1,1,1.3,43,1865,2,True
40,0.2,0.8,1,1,1.3,43,1866,2,True
40,0.2,0.8,1,1,1.3,43,1867,2,True
40,0.2,0.8,1,1,1.3,43,1868,2,True
40,0.2,0.8,1,1,1.3,43,1869,4,True
40,0.2,0.8,1,1,1.3,43,1870,4,True
40,0.2,0.8,1,1,1.3,43,1871,1,True
40,0.2,0.8,1,1,1.3,43,1872,3,True
40,0.2,0.8,1,1,1.3,43,1873,2,True
40,0.2,0.8,1,1,1.3,43,1874,2,True
40,0.2,0.8,1,1,1.3,43,1875,3,True
40,0.2,0.8,1,1,1.3,43,1876,2,True
40,0.2,0.8,1,1,1.3,43,1877,2,True
40,0.2,0.8,1,1,1.3,43,1878,2,True
40,0.2,0.8,1,1,1.3,43,1879,1,True
40,0.2,0.8,1,1,1.3,43,1880,2,True
40,0.2,0.8,1,1,1.3,43,1881,2,True
40,0.2,0.8,1,1,1.3,43,1882,3,True
40,0.2,0.8,1,1,1.3,43,1883,2,True
40,0.2,0.8,1,1,1.3,43,1884,1,True
40,0.2,0.8,1,1,1.3,43,1885,1,True
40,0.2,0.8,1,1,1.3,43,1886,1,True
40,0.2,0.8,1,1,1.3,43,1887,2,True
40,0.2,0.8,1,1,1.3,43,1888,1,True
40,0.2,0.8,1,1,1.3,43,1889,5,True
40,0.2,0.8,1,1,1.3,43,1890,1,True
40,0.2,0.8,1,1,1.3,43,1891,2,True
40,0.2,0.8,1,1,1.3,43,1892,1,True
40,0.2,0.8,1,1,1.3,43,1893,3,True
40,0.2,0.8,1,1,1.3,43,1894,1,True
40,0.2,0.8,1,1,1.3,43,1895,2,True
40,0.2,0.8,1,1,1.3,43,1896,3,True
40,0.2,0.8,1,1,1.3,43,1897,2,True
40,0.2,0.8,1,1,1.3,43,1898,3,True
40,0.2,0.8,1,1,1.3,43,1899,2,True
40,0.2,0.8,1,1,1.3,43,1900,2,True
40,0.2,0.8,1,1,1.3,43,1901,2,True
40,0.2,0.8,1,1,1.3,43,1902,2,True
40,0.2,0.8,1,1,1.3,43,1903,2,True
40,0.2,0.8,1,1,1.3,43,1904,2,True
40,0.2,0.8,1,1,1.3,43,1905,2,True
40,0.2,0.8,1,1,1.3,43,1906,2,True
40,0.2,0.8,1,1,1.3,43,1907,2,True
40,0.2,0.8,1,1,1.3,43,1908,1,True
40,0.2,0.8,1,1,1.3,43,1909,2,True
40,0.2,0.8,1,1,1.3,43,1910,1,True
40,0.2,0.8,1,1,1.3,43,1911,2,True
40,0.2,0.8,1,1,1.3,43,1912,3,True
40,0.2,0.8,1,1,1.3,43,1913,1,True
40,0.2,0.8,1,1,1.3,43,1914,1,True
40,0.2,0.8,1,1,1.3,43,1915,2,True
40,0.2,0.8,1,1,1.3,43,1916,3,True
40,0.2,0.8,1,1,1.3,43,1917,3,True
40,0.2,0.8,1,1,1.3,43,1918,1,True
40,0.2,0.8,1,1,1.3,43,1919,2,True
40,0.2,0.8,1,1,1.3,43,1920,2,True
40,0.2,0.8,1,1,1.3,43,1921,3,True
40,0.2,0.8,1,1,1.3,43,1922,2,True
40,0.2,0.8,1,1,1.3,43,1923,2,True
40,0.2,0.8,1,1,1.3,43,1924,1,True
40,0.2,0.8,1,1,1.3,43,1925,2,True
40,0.2,0.8,1,1,1.3,43,1926,2,True
40,0.2,0.8,1,1,1.3,43,1927,1,True
40,0.2,0.8,1,1,1.3,43,1928,2,True
40,0.2,0.8,1,1,1.3,43,1929,2,True
40,0.2,0.8,1,1,1.3,43,1930,2,True
40,0.2,0.8,1,1,1.3,43,1931,3,True
40,0.2,0.8,1,1,1.3,43,1932,3,True
40,0.2,0.8,1,1,1.3,43,1933,3,True
40,0.2,0.8,1,1,1.3,43,1934,3,True
40,0.2,0.8,1,1,1.3,43,1935,2,True
40,0.2,0.8,1,1,1.3,43,1936,2,True
40,0.2,0.8,1,1,1.3,43,1937,2,True
40,0.2,0.8,1,1,1.3,43,1938,2,True
40,0.2,0.8,1,1,1.3,43,1939,2,True
40,0.2,0.8,1,1,1.3,43,1940,2,True
40,0.2,0.8,1,1,1.3,43,1941,1,True
40,0.2,0.8,1,1,1.3,43,1942,1,True
40,0.2,0.8,1,1,1.3,43,1943,1,True
40,0.2,0.8,1,1,1.3,43,1944,2,True
40,0.2,0.8,1,1,1.3,43,1945,1,True
40,0.2,0.8,1,1,1.3,43,1946,2,True
40,0.2,0.8,1,1,1.3,43,1947,5,True
40,0.2,0.8,1,1,1.3,43,1948,3,True
40,0.2,0.8,1,1,1.3,43,1949,1,True
40,0.2,0.8,1,1,1.3,43,1950,1,True
40,0.2,0.8,1,1,1.3,43,1951,3,True
40,0.2,0.8,1,1,1.3,43,1952,1,True
40,0.2,0.8,1,1,1.3,43,1953,2,True
40,0.2,0.8,1,1,1.3,43,1954,1,True
40,0.2,0.8,1,1,1.3,43,1955,3,True
40,0.2,0.8,1,1,1.3,43,1956,2,True
40,0.2,0.8,1,1,1.3,43,1957,2,True
40,0.2,0.8,1,1,1.3,43,1958,2,True
40,0.2,0.8,1,1,1.3,43,1959,2,True
40,0.2,0.8,1,1,1.3,43,1960,3,True
40,0.2,0.8,1,1,1.3,43,1961,3,True
40,0.2,0.8,1,1,1.3,43,1962,1,True
40,0.2,0.8,1,1,1.3,43,1963,3,True
40,0.2,0.8,1,1,1.3,43,1964,2,True
40,0.2,0.8,1,1,1.3,43,1965,3,True
40,0.2,0.8,1,1,1.3,43,1966,3,True
40,0.2,0.8,1,1,1.3,43,1967,2,True
40,0.2,0.8,1,1,1.3,43,1968,2,True
40,0.2,0.8,1,1,1.3,43,1969,2,True
40,0.2,0.8,1,1,1.3,43,1970,3,True
40,0.2,0.8,1,1,1.3,43,1971,1,True
40,0.2,0.8,1,1,1.3,43,1972,3,True
40,0.2,0.8,1,1,1.3,43,1973,4,True
40,0.2,0.8,1,1,1.3,43,1974,3,True
40,0.2,0.8,1,1,1.3,43,1975,2,True
40,0.2,0.8,1,1,1.3,43,1976,2,True
40,0.2,0.8,1,1,1.3,43,1977,2,True
40,0.2,0.8,1,1,1.3,43,1978,2,True
40,0.2,0.8,1,1,1.3,43,1979,2,True
40,0.2,0.8,1,1,1.3,43,1980,3,True
40,0.2,0.8,1,1,1.3,43,1981,4,True
40,0.2,0.8,1,1,1.3,43,1982,3,True
40,0.2,0.8,1,1,1.3,43,1983,2,True
40,0.2,0.8,1,1,1.3,43,1984,2,True
40,0.2,0.8,1,1,1.3,43,1985,3,True
40,0.2,0.8,1,1,1.3,43,1986,3,True
40,0.2,0.8,1,1,1.3,43,1987,1,True
40,0.2,0.8,1,1,1.3,43,1988,2,True
40,0.2,0.8,1,1,1.3,43,1989,4,True
40,0.2,0.8,1,1,1.3,43,1990,3,True
40,0.2,0.8,1,1,1.3,43,1991,5,True
40,0.2,0.8,1,1,1.3,43,1992,2,True
40,0.2,0.8,1,1,1.3,43,1993,2,True
40,0.2,0.8,1,1,1.3,43,1994,2,True
40,0.2,0.8,1,1,1.3,43,1995,3,True
40,0.2,0.8,1,1,1.3,43,1996,2,True
40,0.2,0.8,1,1,1.3,43,1997,2,True
40,0.2,0.8,1,1,1.3,43,1998,1,True
40,0.2,0.8,1,1,1.3,43,1999,2,True
