sides,defector,cooperator,radio,pay,factor,tolerance,info_seed,info_generations
20,0.2,0.8,1,1,1.5,83,0,4
20,0.2,0.8,1,1,1.5,83,1,4
20,0.2,0.8,1,1,1.5,83,2,3
20,0.2,0.8,1,1,1.5,83,3,4
20,0.2,0.8,1,1,1.5,83,4,4
20,0.2,0.8,1,1,1.5,83,5,5
20,0.2,0.8,1,1,1.5,83,6,4
20,0.2,0.8,1,1,1.5,83,7,4
20,0.2,0.8,1,1,1.5,83,8,4
20,0.2,0.8,1,1,1.5,83,9,4
20,0.2,0.8,1,1,1.5,83,10,3
20,0.2,0.8,1,1,1.5,83,11,4
20,0.2,0.8,1,1,1.5,83,12,3
20,0.2,0.8,1,1,1.5,83,13,3
20,0.2,0.8,1,1,1.5,83,14,4
20,0.2,0.8,1,1,1.5,83,15,3
20,0.2,0.8,1,1,1.5,83,16,4
20,0.2,0.8,1,1,1.5,83,17,4
20,0.2,0.8,1,1,1.5,83,18,4
20,0.2,0.8,1,1,1.5,83,19,3
20,0.2,0.8,1,1,1.5,83,20,4
20,0.2,0.8,1,1,1.5,83,21,3
20,0.2,0.8,1,1,1.5,83,22,3
20,0.2,0.8,1,1,1.5,83,23,3
20,0.2,0.8,1,1,1.5,83,24,4
20,0.2,0.8,1,1,1.5,83,25,4
20,0.2,0.8,1,1,1.5,83,26,3
20,0.2,0.8,1,1,1.5,83,27,4
20,0.2,0.8,1,1,1.5,83,28,3
20,0.2,0.8,1,1,1.5,83,29,4
20,0.2,0.8,1,1,1.5,83,30,3
20,0.2,0.8,1,1,1.5,83,31,4
20,0.2,0.8,1,1,1.5,83,32,4
20,0.2,0.8,1,1,1.5,83,33,4
20,0.2,0.8,1,1,1.5,83,34,3
20,0.2,0.8,1,1,1.5,83,35,4
20,0.2,0.8,1,1,1.5,83,36,4
20,0.2,0.8,1,1,1.5,83,37,3
20,0.2,0.8,1,1,1.5,83,38,4
20,0.2,0.8,1,1,1.5,83,39,4
20,0.2,0.8,1,1,1.5,83,40,3
20,0.2,0.8,1,1,1.5,83,41,4
20,0.2,0.8,1,1,1.5,83,42,4
20,0.2,0.8,1,1,1.5,83,43,4
20,0.2,0.8,1,1,1.5,83,44,4
20,0.2,0.8,1,1,1.5,83,45,4
20,0.2,0.8,1,1,1.5,83,46,3
20,0.2,0.8,1,1,1.5,83,47,4
20,0.2,0.8,1,1,1.5,83,48,4
20,0.2,0.8,1,1,1.5,83,49,3
20,0.2,0.8,1,1,1.5,83,50,5
20,0.2,0.8,1,1,1.5,83,51,3
20,0.2,0.8,1,1,1.5,83,52,4
20,0.2,0.8,1,1,1.5,83,53,4
20,0.2,0.8,1,1,1.5,83,54,4
20,0.2,0.8,1,1,1.5,83,55,4
20,0.2,0.8,1,1,1.5,83,56,3
20,0.2,0.8,1,1,1.5,83,57,4
20,0.2,0.8,1,1,1.5,83,58,3
20,0.2,0.8,1,1,1.5,83,59,4
20,0.2,0.8,1,1,1.5,83,60,4
20,0.2,0.8,1,1,1.5,83,61,4
20,0.2,0.8,1,1,1.5,83,62,5
20,0.2,0.8,1,1,1.5,83,63,4
20,0.2,0.8,1,1,1.5,83,64,4
20,0.2,0.8,1,1,1.5,83,65,3
20,0.2,0.8,1,1,1.5,83,66,4
20,0.2,0.8,1,1,1.5,83,67,4
20,0.2,0.8,1,1,1.5,83,68,3
20,0.2,0.8,1,1,1.5,83,69,4
20,0.2,0.8,1,1,1.5,83,70,4
20,0.2,0.8,1,1,1.5,83,71,4
20,0.2,0.8,1,1,1.5,83,72,4
20,0.2,0.8,1,1,1.5,83,73,3
20,0.2,0.8,1,1,1.5,83,74,4
20,0.2,0.8,1,1,1.5,83,75,4
20,0.2,0.8,1,1,1.5,83,76,3
20,0.2,0.8,1,1,1.5,83,77,3
20,0.2,0.8,1,1,1.5,83,78,6
20,0.2,0.8,1,1,1.5,83,79,4
20,0.2,0.8,1,1,1.5,83,80,4
20,0.2,0.8,1,1,1.5,83,81,3
20,0.2,0.8,1,1,1.5,83,82,4
20,0.2,0.8,1,1,1.5,83,83,4
20,0.2,0.8,1,1,1.5,83,84,3
20,0.2,0.8,1,1,1.5,83,85,4
20,0.2,0.8,1,1,1.5,83,86,3
20,0.2,0.8,1,1,1.5,83,87,4
20,0.2,0.8,1,1,1.5,83,88,4
20,0.2,0.8,1,1,1.5,83,89,4
20,0.2,0.8,1,1,1.5,83,90,4
20,0.2,0.8,1,1,1.5,83,91,4
20,0.2,0.8,1,1,1.5,83,92,3
20,0.2,0.8,1,1,1.5,83,93,3
20,0.2,0.8,1,1,1.5,83,94,4
20,0.2,0.8,1,1,1.5,83,95,4
20,0.2,0.8,1,1,1.5,83,96,4
20,0.2,0.8,1,1,1.5,83,97,5
20,0.2,0.8,1,1,1.5,83,98,4
20,0.2,0.8,1,1,1.5,83,99,4
20,0.2,0.8,1,1,1.5,83,100,4
20,0.2,0.8,1,1,1.5,83,101,4
20,0.2,0.8,1,1,1.5,83,102,4
20,0.2,0.8,1,1,1.5,83,103,4
20,0.2,0.8,1,1,1.5,83,104,4
20,0.2,0.8,1,1,1.5,83,105,5
20,0.2,0.8,1,1,1.5,83,106,3
20,0.2,0.8,1,1,1.5,83,107,4
20,0.2,0.8,1,1,1.5,83,108,4
20,0.2,0.8,1,1,1.5,83,109,4
20,0.2,0.8,1,1,1.5,83,110,4
20,0.2,0.8,1,1,1.5,83,111,3
20,0.2,0.8,1,1,1.5,83,112,3
20,0.2,0.8,1,1,1.5,83,113,4
20,0.2,0.8,1,1,1.5,83,114,4
20,0.2,0.8,1,1,1.5,83,115,4
20,0.2,0.8,1,1,1.5,83,116,3
20,0.2,0.8,1,1,1.5,83,117,3
20,0.2,0.8,1,1,1.5,83,118,3
20,0.2,0.8,1,1,1.5,83,119,4
20,0.2,0.8,1,1,1.5,83,120,5
20,0.2,0.8,1,1,1.5,83,121,4
20,0.2,0.8,1,1,1.5,83,122,4
20,0.2,0.8,1,1,1.5,83,123,4
20,0.2,0.8,1,1,1.5,83,124,3
20,0.2,0.8,1,1,1.5,83,125,4
20,0.2,0.8,1,1,1.5,83,126,3
20,0.2,0.8,1,1,1.5,83,127,3
20,0.2,0.8,1,1,1.5,83,128,4
20,0.2,0.8,1,1,1.5,83,129,3
20,0.2,0.8,1,1,1.5,83,130,3
20,0.2,0.8,1,1,1.5,83,131,4
20,0.2,0.8,1,1,1.5,83,132,4
20,0.2,0.8,1,1,1.5,83,133,4
20,0.2,0.8,1,1,1.5,83,134,4
20,0.2,0.8,1,1,1.5,83,135,4
20,0.2,0.8,1,1,1.5,83,136,4
20,0.2,0.8,1,1,1.5,83,137,3
20,0.2,0.8,1,1,1.5,83,138,4
20,0.2,0.8,1,1,1.5,83,139,3
20,0.2,0.8,1,1,1.5,83,140,4
20,0.2,0.8,1,1,1.5,83,141,4
20,0.2,0.8,1,1,1.5,83,142,4
20,0.2,0.8,1,1,1.5,83,143,4
20,0.2,0.8,1,1,1.5,83,144,3
20,0.2,0.8,1,1,1.5,83,145,3
20,0.2,0.8,1,1,1.5,83,146,4
20,0.2,0.8,1,1,1.5,83,147,3
20,0.2,0.8,1,1,1.5,83,148,3
20,0.2,0.8,1,1,1.5,83,149,4
20,0.2,0.8,1,1,1.5,83,150,3
20,0.2,0.8,1,1,1.5,83,151,4
20,0.2,0.8,1,1,1.5,83,152,3
20,0.2,0.8,1,1,1.5,83,153,4
20,0.2,0.8,1,1,1.5,83,154,4
20,0.2,0.8,1,1,1.5,83,155,4
20,0.2,0.8,1,1,1.5,83,156,3
20,0.2,0.8,1,1,1.5,83,157,3
20,0.2,0.8,1,1,1.5,83,158,4
20,0.2,0.8,1,1,1.5,83,159,4
20,0.2,0.8,1,1,1.5,83,160,4
20,0.2,0.8,1,1,1.5,83,161,5
20,0.2,0.8,1,1,1.5,83,162,6
20,0.2,0.8,1,1,1.5,83,163,4
20,0.2,0.8,1,1,1.5,83,164,3
20,0.2,0.8,1,1,1.5,83,165,4
20,0.2,0.8,1,1,1.5,83,166,4
20,0.2,0.8,1,1,1.5,83,167,5
20,0.2,0.8,1,1,1.5,83,168,3
20,0.2,0.8,1,1,1.5,83,169,3
20,0.2,0.8,1,1,1.5,83,170,3
20,0.2,0.8,1,1,1.5,83,171,4
20,0.2,0.8,1,1,1.5,83,172,3
20,0.2,0.8,1,1,1.5,83,173,3
20,0.2,0.8,1,1,1.5,83,174,3
20,0.2,0.8,1,1,1.5,83,175,4
20,0.2,0.8,1,1,1.5,83,176,3
20,0.2,0.8,1,1,1.5,83,177,4
20,0.2,0.8,1,1,1.5,83,178,4
20,0.2,0.8,1,1,1.5,83,179,3
20,0.2,0.8,1,1,1.5,83,180,4
20,0.2,0.8,1,1,1.5,83,181,4
20,0.2,0.8,1,1,1.5,83,182,3
20,0.2,0.8,1,1,1.5,83,183,3
20,0.2,0.8,1,1,1.5,83,184,4
20,0.2,0.8,1,1,1.5,83,185,4
20,0.2,0.8,1,1,1.5,83,186,4
20,0.2,0.8,1,1,1.5,83,187,3
20,0.2,0.8,1,1,1.5,83,188,4
20,0.2,0.8,1,1,1.5,83,189,4
20,0.2,0.8,1,1,1.5,83,190,4
20,0.2,0.8,1,1,1.5,83,191,3
20,0.2,0.8,1,1,1.5,83,192,4
20,0.2,0.8,1,1,1.5,83,193,4
20,0.2,0.8,1,1,1.5,83,194,4
20,0.2,0.8,1,1,1.5,83,195,3
20,0.2,0.8,1,1,1.5,83,196,4
20,0.2,0.8,1,1,1.5,83,197,5
20,0.2,0.8,1,1,1.5,83,198,4
20,0.2,0.8,1,1,1.5,83,199,4
20,0.2,0.8,1,1,1.5,83,200,4
20,0.2,0.8,1,1,1.5,83,201,4
20,0.2,0.8,1,1,1.5,83,202,4
20,0.2,0.8,1,1,1.5,83,203,4
20,0.2,0.8,1,1,1.5,83,204,3
20,0.2,0.8,1,1,1.5,83,205,4
20,0.2,0.8,1,1,1.5,83,206,3
20,0.2,0.8,1,1,1.5,83,207,4
20,0.2,0.8,1,1,1.5,83,208,4
20,0.2,0.8,1,1,1.5,83,209,4
20,0.2,0.8,1,1,1.5,83,210,4
20,0.2,0.8,1,1,1.5,83,211,4
20,0.2,0.8,1,1,1.5,83,212,3
20,0.2,0.8,1,1,1.5,83,213,3
20,0.2,0.8,1,1,1.5,83,214,4
20,0.2,0.8,1,1,1.5,83,215,3
20,0.2,0.8,1,1,1.5,83,216,4
20,0.2,0.8,1,1,1.5,83,217,4
20,0.2,0.8,1,1,1.5,83,218,4
20,0.2,0.8,1,1,1.5,83,219,4
20,0.2,0.8,1,1,1.5,83,220,5
20,0.2,0.8,1,1,1.5,83,221,4
20,0.2,0.8,1,1,1.5,83,222,4
20,0.2,0.8,1,1,1.5,83,223,3
20,0.2,0.8,1,1,1.5,83,224,4
20,0.2,0.8,1,1,1.5,83,225,4
20,0.2,0.8,1,1,1.5,83,226,4
20,0.2,0.8,1,1,1.5,83,227,3
20,0.2,0.8,1,1,1.5,83,228,4
20,0.2,0.8,1,1,1.5,83,229,4
20,0.2,0.8,1,1,1.5,83,230,4
20,0.2,0.8,1,1,1.5,83,231,4
20,0.2,0.8,1,1,1.5,83,232,3
20,0.2,0.8,1,1,1.5,83,233,3
20,0.2,0.8,1,1,1.5,83,234,4
20,0.2,0.8,1,1,1.5,83,235,4
20,0.2,0.8,1,1,1.5,83,236,3
20,0.2,0.8,1,1,1.5,83,237,3
20,0.2,0.8,1,1,1.5,83,238,5
20,0.2,0.8,1,1,1.5,83,239,4
20,0.2,0.8,1,1,1.5,83,240,4
20,0.2,0.8,1,1,1.5,83,241,4
20,0.2,0.8,1,1,1.5,83,242,4
20,0.2,0.8,1,1,1.5,83,243,4
20,0.2,0.8,1,1,1.5,83,244,3
20,0.2,0.8,1,1,1.5,83,245,3
20,0.2,0.8,1,1,1.5,83,246,4
20,0.2,0.8,1,1,1.5,83,247,4
20,0.2,0.8,1,1,1.5,83,248,3
20,0.2,0.8,1,1,1.5,83,249,4
20,0.2,0.8,1,1,1.5,83,250,4
20,0.2,0.8,1,1,1.5,83,251,5
20,0.2,0.8,1,1,1.5,83,252,4
20,0.2,0.8,1,1,1.5,83,253,4
20,0.2,0.8,1,1,1.5,83,254,4
20,0.2,0.8,1,1,1.5,83,255,5
20,0.2,0.8,1,1,1.5,83,256,4
20,0.2,0.8,1,1,1.5,83,257,3
20,0.2,0.8,1,1,1.5,83,258,4
20,0.2,0.8,1,1,1.5,83,259,4
20,0.2,0.8,1,1,1.5,83,260,4
20,0.2,0.8,1,1,1.5,83,261,5
20,0.2,0.8,1,1,1.5,83,262,4
20,0.2,0.8,1,1,1.5,83,263,3
20,0.2,0.8,1,1,1.5,83,264,3
20,0.2,0.8,1,1,1.5,83,265,4
20,0.2,0.8,1,1,1.5,83,266,4
20,0.2,0.8,1,1,1.5,83,267,4
20,0.2,0.8,1,1,1.5,83,268,4
20,0.2,0.8,1,1,1.5,83,269,4
20,0.2,0.8,1,1,1.5,83,270,4
20,0.2,0.8,1,1,1.5,83,271,3
20,0.2,0.8,1,1,1.5,83,272,4
20,0.2,0.8,1,1,1.5,83,273,3
20,0.2,0.8,1,1,1.5,83,274,4
20,0.2,0.8,1,1,1.5,83,275,4
20,0.2,0.8,1,1,1.5,83,276,4
20,0.2,0.8,1,1,1.5,83,277,4
20,0.2,0.8,1,1,1.5,83,278,4
20,0.2,0.8,1,1,1.5,83,279,4
20,0.2,0.8,1,1,1.5,83,280,4
20,0.2,0.8,1,1,1.5,83,281,3
20,0.2,0.8,1,1,1.5,83,282,4
20,0.2,0.8,1,1,1.5,83,283,4
20,0.2,0.8,1,1,1.5,83,284,3
20,0.2,0.8,1,1,1.5,83,285,4
20,0.2,0.8,1,1,1.5,83,286,3
20,0.2,0.8,1,1,1.5,83,287,4
20,0.2,0.8,1,1,1.5,83,288,4
20,0.2,0.8,1,1,1.5,83,289,4
20,0.2,0.8,1,1,1.5,83,290,4
20,0.2,0.8,1,1,1.5,83,291,4
20,0.2,0.8,1,1,1.5,83,292,3
20,0.2,0.8,1,1,1.5,83,293,4
20,0.2,0.8,1,1,1.5,83,294,4
20,0.2,0.8,1,1,1.5,83,295,3
20,0.2,0.8,1,1,1.5,83,296,4
20,0.2,0.8,1,1,1.5,83,297,3
20,0.2,0.8,1,1,1.5,83,298,4
20,0.2,0.8,1,1,1.5,83,299,4
20,0.2,0.8,1,1,1.5,83,300,4
20,0.2,0.8,1,1,1.5,83,301,5
20,0.2,0.8,1,1,1.5,83,302,3
20,0.2,0.8,1,1,1.5,83,303,4
20,0.2,0.8,1,1,1.5,83,304,3
20,0.2,0.8,1,1,1.5,83,305,4
20,0.2,0.8,1,1,1.5,83,306,4
20,0.2,0.8,1,1,1.5,83,307,4
20,0.2,0.8,1,1,1.5,83,308,3
20,0.2,0.8,1,1,1.5,83,309,4
20,0.2,0.8,1,1,1.5,83,310,4
20,0.2,0.8,1,1,1.5,83,311,3
20,0.2,0.8,1,1,1.5,83,312,4
20,0.2,0.8,1,1,1.5,83,313,4
20,0.2,0.8,1,1,1.5,83,314,3
20,0.2,0.8,1,1,1.5,83,315,3
20,0.2,0.8,1,1,1.5,83,316,4
20,0.2,0.8,1,1,1.5,83,317,4
20,0.2,0.8,1,1,1.5,83,318,4
20,0.2,0.8,1,1,1.5,83,319,3
20,0.2,0.8,1,1,1.5,83,320,4
20,0.2,0.8,1,1,1.5,83,321,4
20,0.2,0.8,1,1,1.5,83,322,3
20,0.2,0.8,1,1,1.5,83,323,3
20,0.2,0.8,1,1,1.5,83,324,4
20,0.2,0.8,1,1,1.5,83,325,5
20,0.2,0.8,1,1,1.5,83,326,4
20,0.2,0.8,1,1,1.5,83,327,5
20,0.2,0.8,1,1,1.5,83,328,4
20,0.2,0.8,1,1,1.5,83,329,3
20,0.2,0.8,1,1,1.5,83,330,4
20,0.2,0.8,1,1,1.5,83,331,3
20,0.2,0.8,1,1,1.5,83,332,3
20,0.2,0.8,1,1,1.5,83,333,3
20,0.2,0.8,1,1,1.5,83,334,4
20,0.2,0.8,1,1,1.5,83,335,4
20,0.2,0.8,1,1,1.5,83,336,4
20,0.2,0.8,1,1,1.5,83,337,5
20,0.2,0.8,1,1,1.5,83,338,3
20,0.2,0.8,1,1,1.5,83,339,3
20,0.2,0.8,1,1,1.5,83,340,3
20,0.2,0.8,1,1,1.5,83,341,4
20,0.2,0.8,1,1,1.5,83,342,4
20,0.2,0.8,1,1,1.5,83,343,4
20,0.2,0.8,1,1,1.5,83,344,4
20,0.2,0.8,1,1,1.5,83,345,4
20,0.2,0.8,1,1,1.5,83,346,4
20,0.2,0.8,1,1,1.5,83,347,4
20,0.2,0.8,1,1,1.5,83,348,5
20,0.2,0.8,1,1,1.5,83,349,4
20,0.2,0.8,1,1,1.5,83,350,4
20,0.2,0.8,1,1,1.5,83,351,3
20,0.2,0.8,1,1,1.5,83,352,3
20,0.2,0.8,1,1,1.5,83,353,3
20,0.2,0.8,1,1,1.5,83,354,4
20,0.2,0.8,1,1,1.5,83,355,4
20,0.2,0.8,1,1,1.5,83,356,4
20,0.2,0.8,1,1,1.5,83,357,4
20,0.2,0.8,1,1,1.5,83,358,4
20,0.2,0.8,1,1,1.5,83,359,4
20,0.2,0.8,1,1,1.5,83,360,4
20,0.2,0.8,1,1,1.5,83,361,3
20,0.2,0.8,1,1,1.5,83,362,4
20,0.2,0.8,1,1,1.5,83,363,3
20,0.2,0.8,1,1,1.5,83,364,3
20,0.2,0.8,1,1,1.5,83,365,5
20,0.2,0.8,1,1,1.5,83,366,4
20,0.2,0.8,1,1,1.5,83,367,3
20,0.2,0.8,1,1,1.5,83,368,3
20,0.2,0.8,1,1,1.5,83,369,3
20,0.2,0.8,1,1,1.5,83,370,4
20,0.2,0.8,1,1,1.5,83,371,3
20,0.2,0.8,1,1,1.5,83,372,3
20,0.2,0.8,1,1,1.5,83,373,3
20,0.2,0.8,1,1,1.5,83,374,4
20,0.2,0.8,1,1,1.5,83,375,4
20,0.2,0.8,1,1,1.5,83,376,3
20,0.2,0.8,1,1,1.5,83,377,4
20,0.2,0.8,1,1,1.5,83,378,4
20,0.2,0.8,1,1,1.5,83,379,4
20,0.2,0.8,1,1,1.5,83,380,4
20,0.2,0.8,1,1,1.5,83,381,4
20,0.2,0.8,1,1,1.5,83,382,3
20,0.2,0.8,1,1,1.5,83,383,4
20,0.2,0.8,1,1,1.5,83,384,4
20,0.2,0.8,1,1,1.5,83,385,4
20,0.2,0.8,1,1,1.5,83,386,5
20,0.2,0.8,1,1,1.5,83,387,4
20,0.2,0.8,1,1,1.5,83,388,4
20,0.2,0.8,1,1,1.5,83,389,3
20,0.2,0.8,1,1,1.5,83,390,3
20,0.2,0.8,1,1,1.5,83,391,4
20,0.2,0.8,1,1,1.5,83,392,5
20,0.2,0.8,1,1,1.5,83,393,4
20,0.2,0.8,1,1,1.5,83,394,3
20,0.2,0.8,1,1,1.5,83,395,4
20,0.2,0.8,1,1,1.5,83,396,4
20,0.2,0.8,1,1,1.5,83,397,3
20,0.2,0.8,1,1,1.5,83,398,4
20,0.2,0.8,1,1,1.5,83,399,4
20,0.2,0.8,1,1,1.5,83,400,4
20,0.2,0.8,1,1,1.5,83,401,4
20,0.2,0.8,1,1,1.5,83,402,5
20,0.2,0.8,1,1,1.5,83,403,4
20,0.2,0.8,1,1,1.5,83,404,4
20,0.2,0.8,1,1,1.5,83,405,4
20,0.2,0.8,1,1,1.5,83,406,3
20,0.2,0.8,1,1,1.5,83,407,4
20,0.2,0.8,1,1,1.5,83,408,3
20,0.2,0.8,1,1,1.5,83,409,4
20,0.2,0.8,1,1,1.5,83,410,3
20,0.2,0.8,1,1,1.5,83,411,4
20,0.2,0.8,1,1,1.5,83,412,4
20,0.2,0.8,1,1,1.5,83,413,4
20,0.2,0.8,1,1,1.5,83,414,4
20,0.2,0.8,1,1,1.5,83,415,3
20,0.2,0.8,1,1,1.5,83,416,3
20,0.2,0.8,1,1,1.5,83,417,5
20,0.2,0.8,1,1,1.5,83,418,4
20,0.2,0.8,1,1,1.5,83,419,4
20,0.2,0.8,1,1,1.5,83,420,3
20,0.2,0.8,1,1,1.5,83,421,3
20,0.2,0.8,1,1,1.5,83,422,5
20,0.2,0.8,1,1,1.5,83,423,6
20,0.2,0.8,1,1,1.5,83,424,3
20,0.2,0.8,1,1,1.5,83,425,4
20,0.2,0.8,1,1,1.5,83,426,4
20,0.2,0.8,1,1,1.5,83,427,3
20,0.2,0.8,1,1,1.5,83,428,4
20,0.2,0.8,1,1,1.5,83,429,3
20,0.2,0.8,1,1,1.5,83,430,5
20,0.2,0.8,1,1,1.5,83,431,5
20,0.2,0.8,1,1,1.5,83,432,4
20,0.2,0.8,1,1,1.5,83,433,5
20,0.2,0.8,1,1,1.5,83,434,3
20,0.2,0.8,1,1,1.5,83,435,4
20,0.2,0.8,1,1,1.5,83,436,5
20,0.2,0.8,1,1,1.5,83,437,4
20,0.2,0.8,1,1,1.5,83,438,4
20,0.2,0.8,1,1,1.5,83,439,4
20,0.2,0.8,1,1,1.5,83,440,5
20,0.2,0.8,1,1,1.5,83,441,4
20,0.2,0.8,1,1,1.5,83,442,3
20,0.2,0.8,1,1,1.5,83,443,3
20,0.2,0.8,1,1,1.5,83,444,5
20,0.2,0.8,1,1,1.5,83,445,4
20,0.2,0.8,1,1,1.5,83,446,4
20,0.2,0.8,1,1,1.5,83,447,4
20,0.2,0.8,1,1,1.5,83,448,5
20,0.2,0.8,1,1,1.5,83,449,4
20,0.2,0.8,1,1,1.5,83,450,5
20,0.2,0.8,1,1,1.5,83,451,4
20,0.2,0.8,1,1,1.5,83,452,3
20,0.2,0.8,1,1,1.5,83,453,3
20,0.2,0.8,1,1,1.5,83,454,4
20,0.2,0.8,1,1,1.5,83,455,4
20,0.2,0.8,1,1,1.5,83,456,4
20,0.2,0.8,1,1,1.5,83,457,3
20,0.2,0.8,1,1,1.5,83,458,5
20,0.2,0.8,1,1,1.5,83,459,3
20,0.2,0.8,1,1,1.5,83,460,4
20,0.2,0.8,1,1,1.5,83,461,3
20,0.2,0.8,1,1,1.5,83,462,5
20,0.2,0.8,1,1,1.5,83,463,4
20,0.2,0.8,1,1,1.5,83,464,3
20,0.2,0.8,1,1,1.5,83,465,4
20,0.2,0.8,1,1,1.5,83,466,5
20,0.2,0.8,1,1,1.5,83,467,3
20,0.2,0.8,1,1,1.5,83,468,4
20,0.2,0.8,1,1,1.5,83,469,4
20,0.2,0.8,1,1,1.5,83,470,4
20,0.2,0.8,1,1,1.5,83,471,3
20,0.2,0.8,1,1,1.5,83,472,4
20,0.2,0.8,1,1,1.5,83,473,4
20,0.2,0.8,1,1,1.5,83,474,4
20,0.2,0.8,1,1,1.5,83,475,4
20,0.2,0.8,1,1,1.5,83,476,4
20,0.2,0.8,1,1,1.5,83,477,4
20,0.2,0.8,1,1,1.5,83,478,5
20,0.2,0.8,1,1,1.5,83,479,3
20,0.2,0.8,1,1,1.5,83,480,4
20,0.2,0.8,1,1,1.5,83,481,3
20,0.2,0.8,1,1,1.5,83,482,4
20,0.2,0.8,1,1,1.5,83,483,5
20,0.2,0.8,1,1,1.5,83,484,4
20,0.2,0.8,1,1,1.5,83,485,4
20,0.2,0.8,1,1,1.5,83,486,4
20,0.2,0.8,1,1,1.5,83,487,4
20,0.2,0.8,1,1,1.5,83,488,4
20,0.2,0.8,1,1,1.5,83,489,4
20,0.2,0.8,1,1,1.5,83,490,3
20,0.2,0.8,1,1,1.5,83,491,4
20,0.2,0.8,1,1,1.5,83,492,4
20,0.2,0.8,1,1,1.5,83,493,4
20,0.2,0.8,1,1,1.5,83,494,4
20,0.2,0.8,1,1,1.5,83,495,4
20,0.2,0.8,1,1,1.5,83,496,3
20,0.2,0.8,1,1,1.5,83,497,4
20,0.2,0.8,1,1,1.5,83,498,3
20,0.2,0.8,1,1,1.5,83,499,5
20,0.2,0.8,1,1,1.5,83,500,5
20,0.2,0.8,1,1,1.5,83,501,5
20,0.2,0.8,1,1,1.5,83,502,4
20,0.2,0.8,1,1,1.5,83,503,3
20,0.2,0.8,1,1,1.5,83,504,5
20,0.2,0.8,1,1,1.5,83,505,4
20,0.2,0.8,1,1,1.5,83,506,4
20,0.2,0.8,1,1,1.5,83,507,4
20,0.2,0.8,1,1,1.5,83,508,4
20,0.2,0.8,1,1,1.5,83,509,4
20,0.2,0.8,1,1,1.5,83,510,5
20,0.2,0.8,1,1,1.5,83,511,4
20,0.2,0.8,1,1,1.5,83,512,4
20,0.2,0.8,1,1,1.5,83,513,3
20,0.2,0.8,1,1,1.5,83,514,4
20,0.2,0.8,1,1,1.5,83,515,4
20,0.2,0.8,1,1,1.5,83,516,5
20,0.2,0.8,1,1,1.5,83,517,5
20,0.2,0.8,1,1,1.5,83,518,3
20,0.2,0.8,1,1,1.5,83,519,5
20,0.2,0.8,1,1,1.5,83,520,4
20,0.2,0.8,1,1,1.5,83,521,3
20,0.2,0.8,1,1,1.5,83,522,4
20,0.2,0.8,1,1,1.5,83,523,4
20,0.2,0.8,1,1,1.5,83,524,4
20,0.2,0.8,1,1,1.5,83,525,4
20,0.2,0.8,1,1,1.5,83,526,5
20,0.2,0.8,1,1,1.5,83,527,4
20,0.2,0.8,1,1,1.5,83,528,4
20,0.2,0.8,1,1,1.5,83,529,3
20,0.2,0.8,1,1,1.5,83,530,4
20,0.2,0.8,1,1,1.5,83,531,4
20,0.2,0.8,1,1,1.5,83,532,4
20,0.2,0.8,1,1,1.5,83,533,4
20,0.2,0.8,1,1,1.5,83,534,5
20,0.2,0.8,1,1,1.5,83,535,4
20,0.2,0.8,1,1,1.5,83,536,3
20,0.2,0.8,1,1,1.5,83,537,4
20,0.2,0.8,1,1,1.5,83,538,5
20,0.2,0.8,1,1,1.5,83,539,4
20,0.2,0.8,1,1,1.5,83,540,4
20,0.2,0.8,1,1,1.5,83,541,4
20,0.2,0.8,1,1,1.5,83,542,4
20,0.2,0.8,1,1,1.5,83,543,4
20,0.2,0.8,1,1,1.5,83,544,4
20,0.2,0.8,1,1,1.5,83,545,4
20,0.2,0.8,1,1,1.5,83,546,4
20,0.2,0.8,1,1,1.5,83,547,3
20,0.2,0.8,1,1,1.5,83,548,5
20,0.2,0.8,1,1,1.5,83,549,3
20,0.2,0.8,1,1,1.5,83,550,4
20,0.2,0.8,1,1,1.5,83,551,4
20,0.2,0.8,1,1,1.5,83,552,3
20,0.2,0.8,1,1,1.5,83,553,4
20,0.2,0.8,1,1,1.5,83,554,4
20,0.2,0.8,1,1,1.5,83,555,3
20,0.2,0.8,1,1,1.5,83,556,5
20,0.2,0.8,1,1,1.5,83,557,4
20,0.2,0.8,1,1,1.5,83,558,4
20,0.2,0.8,1,1,1.5,83,559,4
20,0.2,0.8,1,1,1.5,83,560,4
20,0.2,0.8,1,1,1.5,83,561,4
20,0.2,0.8,1,1,1.5,83,562,4
20,0.2,0.8,1,1,1.5,83,563,4
20,0.2,0.8,1,1,1.5,83,564,4
20,0.2,0.8,1,1,1.5,83,565,4
20,0.2,0.8,1,1,1.5,83,566,4
20,0.2,0.8,1,1,1.5,83,567,5
20,0.2,0.8,1,1,1.5,83,568,5
20,0.2,0.8,1,1,1.5,83,569,4
20,0.2,0.8,1,1,1.5,83,570,3
20,0.2,0.8,1,1,1.5,83,571,4
20,0.2,0.8,1,1,1.5,83,572,3
20,0.2,0.8,1,1,1.5,83,573,4
20,0.2,0.8,1,1,1.5,83,574,3
20,0.2,0.8,1,1,1.5,83,575,4
20,0.2,0.8,1,1,1.5,83,576,4
20,0.2,0.8,1,1,1.5,83,577,4
20,0.2,0.8,1,1,1.5,83,578,4
20,0.2,0.8,1,1,1.5,83,579,3
20,0.2,0.8,1,1,1.5,83,580,3
20,0.2,0.8,1,1,1.5,83,581,4
20,0.2,0.8,1,1,1.5,83,582,4
20,0.2,0.8,1,1,1.5,83,583,3
20,0.2,0.8,1,1,1.5,83,584,3
20,0.2,0.8,1,1,1.5,83,585,3
20,0.2,0.8,1,1,1.5,83,586,4
20,0.2,0.8,1,1,1.5,83,587,3
20,0.2,0.8,1,1,1.5,83,588,4
20,0.2,0.8,1,1,1.5,83,589,4
20,0.2,0.8,1,1,1.5,83,590,5
20,0.2,0.8,1,1,1.5,83,591,4
20,0.2,0.8,1,1,1.5,83,592,4
20,0.2,0.8,1,1,1.5,83,593,4
20,0.2,0.8,1,1,1.5,83,594,3
20,0.2,0.8,1,1,1.5,83,595,4
20,0.2,0.8,1,1,1.5,83,596,4
20,0.2,0.8,1,1,1.5,83,597,4
20,0.2,0.8,1,1,1.5,83,598,4
20,0.2,0.8,1,1,1.5,83,599,4
20,0.2,0.8,1,1,1.5,83,600,3
20,0.2,0.8,1,1,1.5,83,601,3
20,0.2,0.8,1,1,1.5,83,602,4
20,0.2,0.8,1,1,1.5,83,603,4
20,0.2,0.8,1,1,1.5,83,604,4
20,0.2,0.8,1,1,1.5,83,605,4
20,0.2,0.8,1,1,1.5,83,606,4
20,0.2,0.8,1,1,1.5,83,607,3
20,0.2,0.8,1,1,1.5,83,608,3
20,0.2,0.8,1,1,1.5,83,609,4
20,0.2,0.8,1,1,1.5,83,610,5
20,0.2,0.8,1,1,1.5,83,611,4
20,0.2,0.8,1,1,1.5,83,612,4
20,0.2,0.8,1,1,1.5,83,613,3
20,0.2,0.8,1,1,1.5,83,614,3
20,0.2,0.8,1,1,1.5,83,615,4
20,0.2,0.8,1,1,1.5,83,616,3
20,0.2,0.8,1,1,1.5,83,617,5
20,0.2,0.8,1,1,1.5,83,618,3
20,0.2,0.8,1,1,1.5,83,619,3
20,0.2,0.8,1,1,1.5,83,620,4
20,0.2,0.8,1,1,1.5,83,621,4
20,0.2,0.8,1,1,1.5,83,622,4
20,0.2,0.8,1,1,1.5,83,623,3
20,0.2,0.8,1,1,1.5,83,624,4
20,0.2,0.8,1,1,1.5,83,625,4
20,0.2,0.8,1,1,1.5,83,626,4
20,0.2,0.8,1,1,1.5,83,627,4
20,0.2,0.8,1,1,1.5,83,628,4
20,0.2,0.8,1,1,1.5,83,629,4
20,0.2,0.8,1,1,1.5,83,630,3
20,0.2,0.8,1,1,1.5,83,631,3
20,0.2,0.8,1,1,1.5,83,632,4
20,0.2,0.8,1,1,1.5,83,633,4
20,0.2,0.8,1,1,1.5,83,634,3
20,0.2,0.8,1,1,1.5,83,635,4
20,0.2,0.8,1,1,1.5,83,636,3
20,0.2,0.8,1,1,1.5,83,637,4
20,0.2,0.8,1,1,1.5,83,638,4
20,0.2,0.8,1,1,1.5,83,639,4
20,0.2,0.8,1,1,1.5,83,640,3
20,0.2,0.8,1,1,1.5,83,641,3
20,0.2,0.8,1,1,1.5,83,642,3
20,0.2,0.8,1,1,1.5,83,643,4
20,0.2,0.8,1,1,1.5,83,644,4
20,0.2,0.8,1,1,1.5,83,645,4
20,0.2,0.8,1,1,1.5,83,646,4
20,0.2,0.8,1,1,1.5,83,647,4
20,0.2,0.8,1,1,1.5,83,648,4
20,0.2,0.8,1,1,1.5,83,649,4
20,0.2,0.8,1,1,1.5,83,650,4
20,0.2,0.8,1,1,1.5,83,651,4
20,0.2,0.8,1,1,1.5,83,652,4
20,0.2,0.8,1,1,1.5,83,653,4
20,0.2,0.8,1,1,1.5,83,654,4
20,0.2,0.8,1,1,1.5,83,655,5
20,0.2,0.8,1,1,1.5,83,656,4
20,0.2,0.8,1,1,1.5,83,657,3
20,0.2,0.8,1,1,1.5,83,658,4
20,0.2,0.8,1,1,1.5,83,659,4
20,0.2,0.8,1,1,1.5,83,660,4
20,0.2,0.8,1,1,1.5,83,661,4
20,0.2,0.8,1,1,1.5,83,662,4
20,0.2,0.8,1,1,1.5,83,663,4
20,0.2,0.8,1,1,1.5,83,664,4
20,0.2,0.8,1,1,1.5,83,665,4
20,0.2,0.8,1,1,1.5,83,666,4
20,0.2,0.8,1,1,1.5,83,667,4
20,0.2,0.8,1,1,1.5,83,668,5
20,0.2,0.8,1,1,1.5,83,669,4
20,0.2,0.8,1,1,1.5,83,670,4
20,0.2,0.8,1,1,1.5,83,671,5
20,0.2,0.8,1,1,1.5,83,672,3
20,0.2,0.8,1,1,1.5,83,673,4
20,0.2,0.8,1,1,1.5,83,674,3
20,0.2,0.8,1,1,1.5,83,675,4
20,0.2,0.8,1,1,1.5,83,676,4
20,0.2,0.8,1,1,1.5,83,677,3
20,0.2,0.8,1,1,1.5,83,678,4
20,0.2,0.8,1,1,1.5,83,679,4
20,0.2,0.8,1,1,1.5,83,680,4
20,0.2,0.8,1,1,1.5,83,681,4
20,0.2,0.8,1,1,1.5,83,682,4
20,0.2,0.8,1,1,1.5,83,683,5
20,0.2,0.8,1,1,1.5,83,684,4
20,0.2,0.8,1,1,1.5,83,685,4
20,0.2,0.8,1,1,1.5,83,686,4
20,0.2,0.8,1,1,1.5,83,687,5
20,0.2,0.8,1,1,1.5,83,688,4
20,0.2,0.8,1,1,1.5,83,689,4
20,0.2,0.8,1,1,1.5,83,690,4
20,0.2,0.8,1,1,1.5,83,691,4
20,0.2,0.8,1,1,1.5,83,692,3
20,0.2,0.8,1,1,1.5,83,693,4
20,0.2,0.8,1,1,1.5,83,694,4
20,0.2,0.8,1,1,1.5,83,695,5
20,0.2,0.8,1,1,1.5,83,696,4
20,0.2,0.8,1,1,1.5,83,697,4
20,0.2,0.8,1,1,1.5,83,698,4
20,0.2,0.8,1,1,1.5,83,699,5
20,0.2,0.8,1,1,1.5,83,700,4
20,0.2,0.8,1,1,1.5,83,701,4
20,0.2,0.8,1,1,1.5,83,702,3
20,0.2,0.8,1,1,1.5,83,703,4
20,0.2,0.8,1,1,1.5,83,704,4
20,0.2,0.8,1,1,1.5,83,705,4
20,0.2,0.8,1,1,1.5,83,706,4
20,0.2,0.8,1,1,1.5,83,707,5
20,0.2,0.8,1,1,1.5,83,708,3
20,0.2,0.8,1,1,1.5,83,709,4
20,0.2,0.8,1,1,1.5,83,710,4
20,0.2,0.8,1,1,1.5,83,711,3
20,0.2,0.8,1,1,1.5,83,712,4
20,0.2,0.8,1,1,1.5,83,713,4
20,0.2,0.8,1,1,1.5,83,714,4
20,0.2,0.8,1,1,1.5,83,715,4
20,0.2,0.8,1,1,1.5,83,716,3
20,0.2,0.8,1,1,1.5,83,717,4
20,0.2,0.8,1,1,1.5,83,718,4
20,0.2,0.8,1,1,1.5,83,719,3
20,0.2,0.8,1,1,1.5,83,720,3
20,0.2,0.8,1,1,1.5,83,721,4
20,0.2,0.8,1,1,1.5,83,722,4
20,0.2,0.8,1,1,1.5,83,723,4
20,0.2,0.8,1,1,1.5,83,724,4
20,0.2,0.8,1,1,1.5,83,725,5
20,0.2,0.8,1,1,1.5,83,726,3
20,0.2,0.8,1,1,1.5,83,727,4
20,0.2,0.8,1,1,1.5,83,728,3
20,0.2,0.8,1,1,1.5,83,729,4
20,0.2,0.8,1,1,1.5,83,730,5
20,0.2,0.8,1,1,1.5,83,731,4
20,0.2,0.8,1,1,1.5,83,732,3
20,0.2,0.8,1,1,1.5,83,733,4
20,0.2,0.8,1,1,1.5,83,734,4
20,0.2,0.8,1,1,1.5,83,735,4
20,0.2,0.8,1,1,1.5,83,736,4
20,0.2,0.8,1,1,1.5,83,737,3
20,0.2,0.8,1,1,1.5,83,738,3
20,0.2,0.8,1,1,1.5,83,739,4
20,0.2,0.8,1,1,1.5,83,740,5
20,0.2,0.8,1,1,1.5,83,741,3
20,0.2,0.8,1,1,1.5,83,742,4
20,0.2,0.8,1,1,1.5,83,743,3
20,0.2,0.8,1,1,1.5,83,744,4
20,0.2,0.8,1,1,1.5,83,745,4
20,0.2,0.8,1,1,1.5,83,746,5
20,0.2,0.8,1,1,1.5,83,747,4
20,0.2,0.8,1,1,1.5,83,748,5
20,0.2,0.8,1,1,1.5,83,749,3
20,0.2,0.8,1,1,1.5,83,750,4
20,0.2,0.8,1,1,1.5,83,751,5
20,0.2,0.8,1,1,1.5,83,752,4
20,0.2,0.8,1,1,1.5,83,753,3
20,0.2,0.8,1,1,1.5,83,754,4
20,0.2,0.8,1,1,1.5,83,755,4
20,0.2,0.8,1,1,1.5,83,756,4
20,0.2,0.8,1,1,1.5,83,757,4
20,0.2,0.8,1,1,1.5,83,758,4
20,0.2,0.8,1,1,1.5,83,759,4
20,0.2,0.8,1,1,1.5,83,760,4
20,0.2,0.8,1,1,1.5,83,761,4
20,0.2,0.8,1,1,1.5,83,762,4
20,0.2,0.8,1,1,1.5,83,763,4
20,0.2,0.8,1,1,1.5,83,764,4
20,0.2,0.8,1,1,1.5,83,765,4
20,0.2,0.8,1,1,1.5,83,766,4
20,0.2,0.8,1,1,1.5,83,767,4
20,0.2,0.8,1,1,1.5,83,768,4
20,0.2,0.8,1,1,1.5,83,769,4
20,0.2,0.8,1,1,1.5,83,770,3
20,0.2,0.8,1,1,1.5,83,771,4
20,0.2,0.8,1,1,1.5,83,772,3
20,0.2,0.8,1,1,1.5,83,773,4
20,0.2,0.8,1,1,1.5,83,774,4
20,0.2,0.8,1,1,1.5,83,775,4
20,0.2,0.8,1,1,1.5,83,776,3
20,0.2,0.8,1,1,1.5,83,777,3
20,0.2,0.8,1,1,1.5,83,778,4
20,0.2,0.8,1,1,1.5,83,779,4
20,0.2,0.8,1,1,1.5,83,780,4
20,0.2,0.8,1,1,1.5,83,781,4
20,0.2,0.8,1,1,1.5,83,782,4
20,0.2,0.8,1,1,1.5,83,783,3
20,0.2,0.8,1,1,1.5,83,784,4
20,0.2,0.8,1,1,1.5,83,785,4
20,0.2,0.8,1,1,1.5,83,786,5
20,0.2,0.8,1,1,1.5,83,787,3
20,0.2,0.8,1,1,1.5,83,788,3
20,0.2,0.8,1,1,1.5,83,789,4
20,0.2,0.8,1,1,1.5,83,790,4
20,0.2,0.8,1,1,1.5,83,791,3
20,0.2,0.8,1,1,1.5,83,792,3
20,0.2,0.8,1,1,1.5,83,793,4
20,0.2,0.8,1,1,1.5,83,794,3
20,0.2,0.8,1,1,1.5,83,795,3
20,0.2,0.8,1,1,1.5,83,796,4
20,0.2,0.8,1,1,1.5,83,797,4
20,0.2,0.8,1,1,1.5,83,798,3
20,0.2,0.8,1,1,1.5,83,799,4
20,0.2,0.8,1,1,1.5,83,800,4
20,0.2,0.8,1,1,1.5,83,801,4
20,0.2,0.8,1,1,1.5,83,802,4
20,0.2,0.8,1,1,1.5,83,803,4
20,0.2,0.8,1,1,1.5,83,804,5
20,0.2,0.8,1,1,1.5,83,805,3
20,0.2,0.8,1,1,1.5,83,806,3
20,0.2,0.8,1,1,1.5,83,807,4
20,0.2,0.8,1,1,1.5,83,808,4
20,0.2,0.8,1,1,1.5,83,809,4
20,0.2,0.8,1,1,1.5,83,810,4
20,0.2,0.8,1,1,1.5,83,811,3
20,0.2,0.8,1,1,1.5,83,812,5
20,0.2,0.8,1,1,1.5,83,813,3
20,0.2,0.8,1,1,1.5,83,814,4
20,0.2,0.8,1,1,1.5,83,815,5
20,0.2,0.8,1,1,1.5,83,816,4
20,0.2,0.8,1,1,1.5,83,817,3
20,0.2,0.8,1,1,1.5,83,818,4
20,0.2,0.8,1,1,1.5,83,819,4
20,0.2,0.8,1,1,1.5,83,820,4
20,0.2,0.8,1,1,1.5,83,821,4
20,0.2,0.8,1,1,1.5,83,822,4
20,0.2,0.8,1,1,1.5,83,823,4
20,0.2,0.8,1,1,1.5,83,824,5
20,0.2,0.8,1,1,1.5,83,825,3
20,0.2,0.8,1,1,1.5,83,826,3
20,0.2,0.8,1,1,1.5,83,827,3
20,0.2,0.8,1,1,1.5,83,828,4
20,0.2,0.8,1,1,1.5,83,829,4
20,0.2,0.8,1,1,1.5,83,830,4
20,0.2,0.8,1,1,1.5,83,831,5
20,0.2,0.8,1,1,1.5,83,832,4
20,0.2,0.8,1,1,1.5,83,833,4
20,0.2,0.8,1,1,1.5,83,834,4
20,0.2,0.8,1,1,1.5,83,835,4
20,0.2,0.8,1,1,1.5,83,836,4
20,0.2,0.8,1,1,1.5,83,837,4
20,0.2,0.8,1,1,1.5,83,838,5
20,0.2,0.8,1,1,1.5,83,839,3
20,0.2,0.8,1,1,1.5,83,840,5
20,0.2,0.8,1,1,1.5,83,841,3
20,0.2,0.8,1,1,1.5,83,842,4
20,0.2,0.8,1,1,1.5,83,843,4
20,0.2,0.8,1,1,1.5,83,844,4
20,0.2,0.8,1,1,1.5,83,845,4
20,0.2,0.8,1,1,1.5,83,846,3
20,0.2,0.8,1,1,1.5,83,847,3
20,0.2,0.8,1,1,1.5,83,848,4
20,0.2,0.8,1,1,1.5,83,849,4
20,0.2,0.8,1,1,1.5,83,850,4
20,0.2,0.8,1,1,1.5,83,851,4
20,0.2,0.8,1,1,1.5,83,852,5
20,0.2,0.8,1,1,1.5,83,853,3
20,0.2,0.8,1,1,1.5,83,854,4
20,0.2,0.8,1,1,1.5,83,855,4
20,0.2,0.8,1,1,1.5,83,856,5
20,0.2,0.8,1,1,1.5,83,857,4
20,0.2,0.8,1,1,1.5,83,858,4
20,0.2,0.8,1,1,1.5,83,859,3
20,0.2,0.8,1,1,1.5,83,860,4
20,0.2,0.8,1,1,1.5,83,861,5
20,0.2,0.8,1,1,1.5,83,862,3
20,0.2,0.8,1,1,1.5,83,863,4
20,0.2,0.8,1,1,1.5,83,864,4
20,0.2,0.8,1,1,1.5,83,865,4
20,0.2,0.8,1,1,1.5,83,866,4
20,0.2,0.8,1,1,1.5,83,867,3
20,0.2,0.8,1,1,1.5,83,868,3
20,0.2,0.8,1,1,1.5,83,869,4
20,0.2,0.8,1,1,1.5,83,870,4
20,0.2,0.8,1,1,1.5,83,871,4
20,0.2,0.8,1,1,1.5,83,872,4
20,0.2,0.8,1,1,1.5,83,873,4
20,0.2,0.8,1,1,1.5,83,874,4
20,0.2,0.8,1,1,1.5,83,875,4
20,0.2,0.8,1,1,1.5,83,876,4
20,0.2,0.8,1,1,1.5,83,877,3
20,0.2,0.8,1,1,1.5,83,878,4
20,0.2,0.8,1,1,1.5,83,879,4
20,0.2,0.8,1,1,1.5,83,880,4
20,0.2,0.8,1,1,1.5,83,881,3
20,0.2,0.8,1,1,1.5,83,882,3
20,0.2,0.8,1,1,1.5,83,883,4
20,0.2,0.8,1,1,1.5,83,884,4
20,0.2,0.8,1,1,1.5,83,885,4
20,0.2,0.8,1,1,1.5,83,886,4
20,0.2,0.8,1,1,1.5,83,887,4
20,0.2,0.8,1,1,1.5,83,888,4
20,0.2,0.8,1,1,1.5,83,889,4
20,0.2,0.8,1,1,1.5,83,890,3
20,0.2,0.8,1,1,1.5,83,891,4
20,0.2,0.8,1,1,1.5,83,892,4
20,0.2,0.8,1,1,1.5,83,893,4
20,0.2,0.8,1,1,1.5,83,894,3
20,0.2,0.8,1,1,1.5,83,895,5
20,0.2,0.8,1,1,1.5,83,896,3
20,0.2,0.8,1,1,1.5,83,897,4
20,0.2,0.8,1,1,1.5,83,898,3
20,0.2,0.8,1,1,1.5,83,899,4
20,0.2,0.8,1,1,1.5,83,900,3
20,0.2,0.8,1,1,1.5,83,901,4
20,0.2,0.8,1,1,1.5,83,902,4
20,0.2,0.8,1,1,1.5,83,903,3
20,0.2,0.8,1,1,1.5,83,904,4
20,0.2,0.8,1,1,1.5,83,905,4
20,0.2,0.8,1,1,1.5,83,906,4
20,0.2,0.8,1,1,1.5,83,907,4
20,0.2,0.8,1,1,1.5,83,908,4
20,0.2,0.8,1,1,1.5,83,909,4
20,0.2,0.8,1,1,1.5,83,910,5
20,0.2,0.8,1,1,1.5,83,911,4
20,0.2,0.8,1,1,1.5,83,912,4
20,0.2,0.8,1,1,1.5,83,913,4
20,0.2,0.8,1,1,1.5,83,914,4
20,0.2,0.8,1,1,1.5,83,915,4
20,0.2,0.8,1,1,1.5,83,916,4
20,0.2,0.8,1,1,1.5,83,917,4
20,0.2,0.8,1,1,1.5,83,918,4
20,0.2,0.8,1,1,1.5,83,919,4
20,0.2,0.8,1,1,1.5,83,920,3
20,0.2,0.8,1,1,1.5,83,921,4
20,0.2,0.8,1,1,1.5,83,922,4
20,0.2,0.8,1,1,1.5,83,923,4
20,0.2,0.8,1,1,1.5,83,924,4
20,0.2,0.8,1,1,1.5,83,925,4
20,0.2,0.8,1,1,1.5,83,926,4
20,0.2,0.8,1,1,1.5,83,927,4
20,0.2,0.8,1,1,1.5,83,928,4
20,0.2,0.8,1,1,1.5,83,929,4
20,0.2,0.8,1,1,1.5,83,930,3
20,0.2,0.8,1,1,1.5,83,931,3
20,0.2,0.8,1,1,1.5,83,932,4
20,0.2,0.8,1,1,1.5,83,933,4
20,0.2,0.8,1,1,1.5,83,934,3
20,0.2,0.8,1,1,1.5,83,935,3
20,0.2,0.8,1,1,1.5,83,936,4
20,0.2,0.8,1,1,1.5,83,937,4
20,0.2,0.8,1,1,1.5,83,938,3
20,0.2,0.8,1,1,1.5,83,939,3
20,0.2,0.8,1,1,1.5,83,940,3
20,0.2,0.8,1,1,1.5,83,941,3
20,0.2,0.8,1,1,1.5,83,942,4
20,0.2,0.8,1,1,1.5,83,943,4
20,0.2,0.8,1,1,1.5,83,944,4
20,0.2,0.8,1,1,1.5,83,945,4
20,0.2,0.8,1,1,1.5,83,946,3
20,0.2,0.8,1,1,1.5,83,947,3
20,0.2,0.8,1,1,1.5,83,948,4
20,0.2,0.8,1,1,1.5,83,949,3
20,0.2,0.8,1,1,1.5,83,950,4
20,0.2,0.8,1,1,1.5,83,951,4
20,0.2,0.8,1,1,1.5,83,952,4
20,0.2,0.8,1,1,1.5,83,953,3
20,0.2,0.8,1,1,1.5,83,954,4
20,0.2,0.8,1,1,1.5,83,955,4
20,0.2,0.8,1,1,1.5,83,956,4
20,0.2,0.8,1,1,1.5,83,957,4
20,0.2,0.8,1,1,1.5,83,958,4
20,0.2,0.8,1,1,1.5,83,959,4
20,0.2,0.8,1,1,1.5,83,960,3
20,0.2,0.8,1,1,1.5,83,961,3
20,0.2,0.8,1,1,1.5,83,962,4
20,0.2,0.8,1,1,1.5,83,963,3
20,0.2,0.8,1,1,1.5,83,964,4
20,0.2,0.8,1,1,1.5,83,965,3
20,0.2,0.8,1,1,1.5,83,966,4
20,0.2,0.8,1,1,1.5,83,967,4
20,0.2,0.8,1,1,1.5,83,968,3
20,0.2,0.8,1,1,1.5,83,969,3
20,0.2,0.8,1,1,1.5,83,970,4
20,0.2,0.8,1,1,1.5,83,971,4
20,0.2,0.8,1,1,1.5,83,972,3
20,0.2,0.8,1,1,1.5,83,973,3
20,0.2,0.8,1,1,1.5,83,974,4
20,0.2,0.8,1,1,1.5,83,975,4
20,0.2,0.8,1,1,1.5,83,976,3
20,0.2,0.8,1,1,1.5,83,977,4
20,0.2,0.8,1,1,1.5,83,978,4
20,0.2,0.8,1,1,1.5,83,979,4
20,0.2,0.8,1,1,1.5,83,980,4
20,0.2,0.8,1,1,1.5,83,981,4
20,0.2,0.8,1,1,1.5,83,982,3
20,0.2,0.8,1,1,1.5,83,983,3
20,0.2,0.8,1,1,1.5,83,984,4
20,0.2,0.8,1,1,1.5,83,985,4
20,0.2,0.8,1,1,1.5,83,986,4
20,0.2,0.8,1,1,1.5,83,987,4
20,0.2,0.8,1,1,1.5,83,988,3
20,0.2,0.8,1,1,1.5,83,989,4
20,0.2,0.8,1,1,1.5,83,990,3
20,0.2,0.8,1,1,1.5,83,991,4
20,0.2,0.8,1,1,1.5,83,992,4
20,0.2,0.8,1,1,1.5,83,993,4
20,0.2,0.8,1,1,1.5,83,994,3
20,0.2,0.8,1,1,1.5,83,995,4
20,0.2,0.8,1,1,1.5,83,996,4
20,0.2,0.8,1,1,1.5,83,997,4
20,0.2,0.8,1,1,1.5,83,998,4
20,0.2,0.8,1,1,1.5,83,999,3
20,0.2,0.8,1,1,1.5,83,1000,3
20,0.2,0.8,1,1,1.5,83,1001,4
20,0.2,0.8,1,1,1.5,83,1002,4
20,0.2,0.8,1,1,1.5,83,1003,4
20,0.2,0.8,1,1,1.5,83,1004,4
20,0.2,0.8,1,1,1.5,83,1005,4
20,0.2,0.8,1,1,1.5,83,1006,3
20,0.2,0.8,1,1,1.5,83,1007,3
20,0.2,0.8,1,1,1.5,83,1008,3
20,0.2,0.8,1,1,1.5,83,1009,4
20,0.2,0.8,1,1,1.5,83,1010,4
20,0.2,0.8,1,1,1.5,83,1011,3
20,0.2,0.8,1,1,1.5,83,1012,4
20,0.2,0.8,1,1,1.5,83,1013,3
20,0.2,0.8,1,1,1.5,83,1014,5
20,0.2,0.8,1,1,1.5,83,1015,4
20,0.2,0.8,1,1,1.5,83,1016,4
20,0.2,0.8,1,1,1.5,83,1017,3
20,0.2,0.8,1,1,1.5,83,1018,4
20,0.2,0.8,1,1,1.5,83,1019,4
20,0.2,0.8,1,1,1.5,83,1020,3
20,0.2,0.8,1,1,1.5,83,1021,4
20,0.2,0.8,1,1,1.5,83,1022,4
20,0.2,0.8,1,1,1.5,83,1023,4
20,0.2,0.8,1,1,1.5,83,1024,5
20,0.2,0.8,1,1,1.5,83,1025,4
20,0.2,0.8,1,1,1.5,83,1026,4
20,0.2,0.8,1,1,1.5,83,1027,5
20,0.2,0.8,1,1,1.5,83,1028,3
20,0.2,0.8,1,1,1.5,83,1029,4
20,0.2,0.8,1,1,1.5,83,1030,4
20,0.2,0.8,1,1,1.5,83,1031,5
20,0.2,0.8,1,1,1.5,83,1032,4
20,0.2,0.8,1,1,1.5,83,1033,3
20,0.2,0.8,1,1,1.5,83,1034,4
20,0.2,0.8,1,1,1.5,83,1035,5
20,0.2,0.8,1,1,1.5,83,1036,4
20,0.2,0.8,1,1,1.5,83,1037,4
20,0.2,0.8,1,1,1.5,83,1038,3
20,0.2,0.8,1,1,1.5,83,1039,3
20,0.2,0.8,1,1,1.5,83,1040,4
20,0.2,0.8,1,1,1.5,83,1041,4
20,0.2,0.8,1,1,1.5,83,1042,4
20,0.2,0.8,1,1,1.5,83,1043,3
20,0.2,0.8,1,1,1.5,83,1044,3
20,0.2,0.8,1,1,1.5,83,1045,3
20,0.2,0.8,1,1,1.5,83,1046,3
20,0.2,0.8,1,1,1.5,83,1047,4
20,0.2,0.8,1,1,1.5,83,1048,3
20,0.2,0.8,1,1,1.5,83,1049,4
20,0.2,0.8,1,1,1.5,83,1050,3
20,0.2,0.8,1,1,1.5,83,1051,4
20,0.2,0.8,1,1,1.5,83,1052,4
20,0.2,0.8,1,1,1.5,83,1053,5
20,0.2,0.8,1,1,1.5,83,1054,4
20,0.2,0.8,1,1,1.5,83,1055,4
20,0.2,0.8,1,1,1.5,83,1056,5
20,0.2,0.8,1,1,1.5,83,1057,4
20,0.2,0.8,1,1,1.5,83,1058,5
20,0.2,0.8,1,1,1.5,83,1059,4
20,0.2,0.8,1,1,1.5,83,1060,4
20,0.2,0.8,1,1,1.5,83,1061,4
20,0.2,0.8,1,1,1.5,83,1062,4
20,0.2,0.8,1,1,1.5,83,1063,3
20,0.2,0.8,1,1,1.5,83,1064,3
20,0.2,0.8,1,1,1.5,83,1065,4
20,0.2,0.8,1,1,1.5,83,1066,4
20,0.2,0.8,1,1,1.5,83,1067,4
20,0.2,0.8,1,1,1.5,83,1068,4
20,0.2,0.8,1,1,1.5,83,1069,4
20,0.2,0.8,1,1,1.5,83,1070,4
20,0.2,0.8,1,1,1.5,83,1071,5
20,0.2,0.8,1,1,1.5,83,1072,3
20,0.2,0.8,1,1,1.5,83,1073,4
20,0.2,0.8,1,1,1.5,83,1074,3
20,0.2,0.8,1,1,1.5,83,1075,4
20,0.2,0.8,1,1,1.5,83,1076,4
20,0.2,0.8,1,1,1.5,83,1077,4
20,0.2,0.8,1,1,1.5,83,1078,4
20,0.2,0.8,1,1,1.5,83,1079,4
20,0.2,0.8,1,1,1.5,83,1080,5
20,0.2,0.8,1,1,1.5,83,1081,4
20,0.2,0.8,1,1,1.5,83,1082,4
20,0.2,0.8,1,1,1.5,83,1083,3
20,0.2,0.8,1,1,1.5,83,1084,4
20,0.2,0.8,1,1,1.5,83,1085,5
20,0.2,0.8,1,1,1.5,83,1086,4
20,0.2,0.8,1,1,1.5,83,1087,4
20,0.2,0.8,1,1,1.5,83,1088,4
20,0.2,0.8,1,1,1.5,83,1089,4
20,0.2,0.8,1,1,1.5,83,1090,4
20,0.2,0.8,1,1,1.5,83,1091,4
20,0.2,0.8,1,1,1.5,83,1092,4
20,0.2,0.8,1,1,1.5,83,1093,4
20,0.2,0.8,1,1,1.5,83,1094,3
20,0.2,0.8,1,1,1.5,83,1095,3
20,0.2,0.8,1,1,1.5,83,1096,5
20,0.2,0.8,1,1,1.5,83,1097,3
20,0.2,0.8,1,1,1.5,83,1098,3
20,0.2,0.8,1,1,1.5,83,1099,4
20,0.2,0.8,1,1,1.5,83,1100,3
20,0.2,0.8,1,1,1.5,83,1101,3
20,0.2,0.8,1,1,1.5,83,1102,4
20,0.2,0.8,1,1,1.5,83,1103,4
20,0.2,0.8,1,1,1.5,83,1104,3
20,0.2,0.8,1,1,1.5,83,1105,4
20,0.2,0.8,1,1,1.5,83,1106,5
20,0.2,0.8,1,1,1.5,83,1107,4
20,0.2,0.8,1,1,1.5,83,1108,3
20,0.2,0.8,1,1,1.5,83,1109,3
20,0.2,0.8,1,1,1.5,83,1110,4
20,0.2,0.8,1,1,1.5,83,1111,3
20,0.2,0.8,1,1,1.5,83,1112,4
20,0.2,0.8,1,1,1.5,83,1113,4
20,0.2,0.8,1,1,1.5,83,1114,4
20,0.2,0.8,1,1,1.5,83,1115,4
20,0.2,0.8,1,1,1.5,83,1116,4
20,0.2,0.8,1,1,1.5,83,1117,4
20,0.2,0.8,1,1,1.5,83,1118,4
20,0.2,0.8,1,1,1.5,83,1119,4
20,0.2,0.8,1,1,1.5,83,1120,3
20,0.2,0.8,1,1,1.5,83,1121,3
20,0.2,0.8,1,1,1.5,83,1122,4
20,0.2,0.8,1,1,1.5,83,1123,3
20,0.2,0.8,1,1,1.5,83,1124,4
20,0.2,0.8,1,1,1.5,83,1125,4
20,0.2,0.8,1,1,1.5,83,1126,4
20,0.2,0.8,1,1,1.5,83,1127,4
20,0.2,0.8,1,1,1.5,83,1128,4
20,0.2,0.8,1,1,1.5,83,1129,3
20,0.2,0.8,1,1,1.5,83,1130,4
20,0.2,0.8,1,1,1.5,83,1131,5
20,0.2,0.8,1,1,1.5,83,1132,5
20,0.2,0.8,1,1,1.5,83,1133,4
20,0.2,0.8,1,1,1.5,83,1134,4
20,0.2,0.8,1,1,1.5,83,1135,5
20,0.2,0.8,1,1,1.5,83,1136,3
20,0.2,0.8,1,1,1.5,83,1137,4
20,0.2,0.8,1,1,1.5,83,1138,4
20,0.2,0.8,1,1,1.5,83,1139,4
20,0.2,0.8,1,1,1.5,83,1140,3
20,0.2,0.8,1,1,1.5,83,1141,4
20,0.2,0.8,1,1,1.5,83,1142,4
20,0.2,0.8,1,1,1.5,83,1143,4
20,0.2,0.8,1,1,1.5,83,1144,4
20,0.2,0.8,1,1,1.5,83,1145,3
20,0.2,0.8,1,1,1.5,83,1146,4
20,0.2,0.8,1,1,1.5,83,1147,4
20,0.2,0.8,1,1,1.5,83,1148,4
20,0.2,0.8,1,1,1.5,83,1149,3
20,0.2,0.8,1,1,1.5,83,1150,4
20,0.2,0.8,1,1,1.5,83,1151,4
20,0.2,0.8,1,1,1.5,83,1152,4
20,0.2,0.8,1,1,1.5,83,1153,4
20,0.2,0.8,1,1,1.5,83,1154,4
20,0.2,0.8,1,1,1.5,83,1155,4
20,0.2,0.8,1,1,1.5,83,1156,4
20,0.2,0.8,1,1,1.5,83,1157,4
20,0.2,0.8,1,1,1.5,83,1158,4
20,0.2,0.8,1,1,1.5,83,1159,4
20,0.2,0.8,1,1,1.5,83,1160,3
20,0.2,0.8,1,1,1.5,83,1161,3
20,0.2,0.8,1,1,1.5,83,1162,4
20,0.2,0.8,1,1,1.5,83,1163,4
20,0.2,0.8,1,1,1.5,83,1164,5
20,0.2,0.8,1,1,1.5,83,1165,5
20,0.2,0.8,1,1,1.5,83,1166,5
20,0.2,0.8,1,1,1.5,83,1167,3
20,0.2,0.8,1,1,1.5,83,1168,4
20,0.2,0.8,1,1,1.5,83,1169,4
20,0.2,0.8,1,1,1.5,83,1170,4
20,0.2,0.8,1,1,1.5,83,1171,4
20,0.2,0.8,1,1,1.5,83,1172,4
20,0.2,0.8,1,1,1.5,83,1173,4
20,0.2,0.8,1,1,1.5,83,1174,3
20,0.2,0.8,1,1,1.5,83,1175,3
20,0.2,0.8,1,1,1.5,83,1176,3
20,0.2,0.8,1,1,1.5,83,1177,4
20,0.2,0.8,1,1,1.5,83,1178,4
20,0.2,0.8,1,1,1.5,83,1179,4
20,0.2,0.8,1,1,1.5,83,1180,4
20,0.2,0.8,1,1,1.5,83,1181,4
20,0.2,0.8,1,1,1.5,83,1182,4
20,0.2,0.8,1,1,1.5,83,1183,4
20,0.2,0.8,1,1,1.5,83,1184,4
20,0.2,0.8,1,1,1.5,83,1185,4
20,0.2,0.8,1,1,1.5,83,1186,4
20,0.2,0.8,1,1,1.5,83,1187,4
20,0.2,0.8,1,1,1.5,83,1188,5
20,0.2,0.8,1,1,1.5,83,1189,3
20,0.2,0.8,1,1,1.5,83,1190,5
20,0.2,0.8,1,1,1.5,83,1191,4
20,0.2,0.8,1,1,1.5,83,1192,3
20,0.2,0.8,1,1,1.5,83,1193,3
20,0.2,0.8,1,1,1.5,83,1194,4
20,0.2,0.8,1,1,1.5,83,1195,4
20,0.2,0.8,1,1,1.5,83,1196,3
20,0.2,0.8,1,1,1.5,83,1197,3
20,0.2,0.8,1,1,1.5,83,1198,5
20,0.2,0.8,1,1,1.5,83,1199,4
20,0.2,0.8,1,1,1.5,83,1200,3
20,0.2,0.8,1,1,1.5,83,1201,3
20,0.2,0.8,1,1,1.5,83,1202,5
20,0.2,0.8,1,1,1.5,83,1203,3
20,0.2,0.8,1,1,1.5,83,1204,4
20,0.2,0.8,1,1,1.5,83,1205,4
20,0.2,0.8,1,1,1.5,83,1206,4
20,0.2,0.8,1,1,1.5,83,1207,4
20,0.2,0.8,1,1,1.5,83,1208,3
20,0.2,0.8,1,1,1.5,83,1209,4
20,0.2,0.8,1,1,1.5,83,1210,3
20,0.2,0.8,1,1,1.5,83,1211,4
20,0.2,0.8,1,1,1.5,83,1212,4
20,0.2,0.8,1,1,1.5,83,1213,4
20,0.2,0.8,1,1,1.5,83,1214,4
20,0.2,0.8,1,1,1.5,83,1215,3
20,0.2,0.8,1,1,1.5,83,1216,4
20,0.2,0.8,1,1,1.5,83,1217,4
20,0.2,0.8,1,1,1.5,83,1218,4
20,0.2,0.8,1,1,1.5,83,1219,4
20,0.2,0.8,1,1,1.5,83,1220,4
20,0.2,0.8,1,1,1.5,83,1221,3
20,0.2,0.8,1,1,1.5,83,1222,4
20,0.2,0.8,1,1,1.5,83,1223,4
20,0.2,0.8,1,1,1.5,83,1224,4
20,0.2,0.8,1,1,1.5,83,1225,3
20,0.2,0.8,1,1,1.5,83,1226,3
20,0.2,0.8,1,1,1.5,83,1227,4
20,0.2,0.8,1,1,1.5,83,1228,4
20,0.2,0.8,1,1,1.5,83,1229,4
20,0.2,0.8,1,1,1.5,83,1230,4
20,0.2,0.8,1,1,1.5,83,1231,3
20,0.2,0.8,1,1,1.5,83,1232,4
20,0.2,0.8,1,1,1.5,83,1233,4
20,0.2,0.8,1,1,1.5,83,1234,4
20,0.2,0.8,1,1,1.5,83,1235,5
20,0.2,0.8,1,1,1.5,83,1236,4
20,0.2,0.8,1,1,1.5,83,1237,3
20,0.2,0.8,1,1,1.5,83,1238,4
20,0.2,0.8,1,1,1.5,83,1239,4
20,0.2,0.8,1,1,1.5,83,1240,4
20,0.2,0.8,1,1,1.5,83,1241,4
20,0.2,0.8,1,1,1.5,83,1242,4
20,0.2,0.8,1,1,1.5,83,1243,4
20,0.2,0.8,1,1,1.5,83,1244,4
20,0.2,0.8,1,1,1.5,83,1245,3
20,0.2,0.8,1,1,1.5,83,1246,4
20,0.2,0.8,1,1,1.5,83,1247,3
20,0.2,0.8,1,1,1.5,83,1248,4
20,0.2,0.8,1,1,1.5,83,1249,3
20,0.2,0.8,1,1,1.5,83,1250,4
20,0.2,0.8,1,1,1.5,83,1251,4
20,0.2,0.8,1,1,1.5,83,1252,5
20,0.2,0.8,1,1,1.5,83,1253,5
20,0.2,0.8,1,1,1.5,83,1254,4
20,0.2,0.8,1,1,1.5,83,1255,3
20,0.2,0.8,1,1,1.5,83,1256,3
20,0.2,0.8,1,1,1.5,83,1257,5
20,0.2,0.8,1,1,1.5,83,1258,3
20,0.2,0.8,1,1,1.5,83,1259,4
20,0.2,0.8,1,1,1.5,83,1260,3
20,0.2,0.8,1,1,1.5,83,1261,3
20,0.2,0.8,1,1,1.5,83,1262,4
20,0.2,0.8,1,1,1.5,83,1263,4
20,0.2,0.8,1,1,1.5,83,1264,4
20,0.2,0.8,1,1,1.5,83,1265,4
20,0.2,0.8,1,1,1.5,83,1266,4
20,0.2,0.8,1,1,1.5,83,1267,3
20,0.2,0.8,1,1,1.5,83,1268,3
20,0.2,0.8,1,1,1.5,83,1269,3
20,0.2,0.8,1,1,1.5,83,1270,5
20,0.2,0.8,1,1,1.5,83,1271,3
20,0.2,0.8,1,1,1.5,83,1272,5
20,0.2,0.8,1,1,1.5,83,1273,4
20,0.2,0.8,1,1,1.5,83,1274,4
20,0.2,0.8,1,1,1.5,83,1275,4
20,0.2,0.8,1,1,1.5,83,1276,4
20,0.2,0.8,1,1,1.5,83,1277,4
20,0.2,0.8,1,1,1.5,83,1278,3
20,0.2,0.8,1,1,1.5,83,1279,3
20,0.2,0.8,1,1,1.5,83,1280,4
20,0.2,0.8,1,1,1.5,83,1281,4
20,0.2,0.8,1,1,1.5,83,1282,4
20,0.2,0.8,1,1,1.5,83,1283,3
20,0.2,0.8,1,1,1.5,83,1284,4
20,0.2,0.8,1,1,1.5,83,1285,4
20,0.2,0.8,1,1,1.5,83,1286,4
20,0.2,0.8,1,1,1.5,83,1287,4
20,0.2,0.8,1,1,1.5,83,1288,4
20,0.2,0.8,1,1,1.5,83,1289,5
20,0.2,0.8,1,1,1.5,83,1290,4
20,0.2,0.8,1,1,1.5,83,1291,4
20,0.2,0.8,1,1,1.5,83,1292,4
20,0.2,0.8,1,1,1.5,83,1293,3
20,0.2,0.8,1,1,1.5,83,1294,4
20,0.2,0.8,1,1,1.5,83,1295,4
20,0.2,0.8,1,1,1.5,83,1296,4
20,0.2,0.8,1,1,1.5,83,1297,4
20,0.2,0.8,1,1,1.5,83,1298,5
20,0.2,0.8,1,1,1.5,83,1299,4
20,0.2,0.8,1,1,1.5,83,1300,4
20,0.2,0.8,1,1,1.5,83,1301,4
20,0.2,0.8,1,1,1.5,83,1302,4
20,0.2,0.8,1,1,1.5,83,1303,3
20,0.2,0.8,1,1,1.5,83,1304,4
20,0.2,0.8,1,1,1.5,83,1305,3
20,0.2,0.8,1,1,1.5,83,1306,4
20,0.2,0.8,1,1,1.5,83,1307,3
20,0.2,0.8,1,1,1.5,83,1308,3
20,0.2,0.8,1,1,1.5,83,1309,4
20,0.2,0.8,1,1,1.5,83,1310,4
20,0.2,0.8,1,1,1.5,83,1311,4
20,0.2,0.8,1,1,1.5,83,1312,3
20,0.2,0.8,1,1,1.5,83,1313,4
20,0.2,0.8,1,1,1.5,83,1314,3
20,0.2,0.8,1,1,1.5,83,1315,4
20,0.2,0.8,1,1,1.5,83,1316,3
20,0.2,0.8,1,1,1.5,83,1317,5
20,0.2,0.8,1,1,1.5,83,1318,5
20,0.2,0.8,1,1,1.5,83,1319,4
20,0.2,0.8,1,1,1.5,83,1320,3
20,0.2,0.8,1,1,1.5,83,1321,5
20,0.2,0.8,1,1,1.5,83,1322,4
20,0.2,0.8,1,1,1.5,83,1323,4
20,0.2,0.8,1,1,1.5,83,1324,4
20,0.2,0.8,1,1,1.5,83,1325,4
20,0.2,0.8,1,1,1.5,83,1326,4
20,0.2,0.8,1,1,1.5,83,1327,3
20,0.2,0.8,1,1,1.5,83,1328,4
20,0.2,0.8,1,1,1.5,83,1329,4
20,0.2,0.8,1,1,1.5,83,1330,5
20,0.2,0.8,1,1,1.5,83,1331,3
20,0.2,0.8,1,1,1.5,83,1332,4
20,0.2,0.8,1,1,1.5,83,1333,4
20,0.2,0.8,1,1,1.5,83,1334,4
20,0.2,0.8,1,1,1.5,83,1335,4
20,0.2,0.8,1,1,1.5,83,1336,3
20,0.2,0.8,1,1,1.5,83,1337,3
20,0.2,0.8,1,1,1.5,83,1338,4
20,0.2,0.8,1,1,1.5,83,1339,3
20,0.2,0.8,1,1,1.5,83,1340,4
20,0.2,0.8,1,1,1.5,83,1341,4
20,0.2,0.8,1,1,1.5,83,1342,4
20,0.2,0.8,1,1,1.5,83,1343,4
20,0.2,0.8,1,1,1.5,83,1344,4
20,0.2,0.8,1,1,1.5,83,1345,3
20,0.2,0.8,1,1,1.5,83,1346,4
20,0.2,0.8,1,1,1.5,83,1347,4
20,0.2,0.8,1,1,1.5,83,1348,3
20,0.2,0.8,1,1,1.5,83,1349,4
20,0.2,0.8,1,1,1.5,83,1350,4
20,0.2,0.8,1,1,1.5,83,1351,4
20,0.2,0.8,1,1,1.5,83,1352,4
20,0.2,0.8,1,1,1.5,83,1353,4
20,0.2,0.8,1,1,1.5,83,1354,4
20,0.2,0.8,1,1,1.5,83,1355,4
20,0.2,0.8,1,1,1.5,83,1356,3
20,0.2,0.8,1,1,1.5,83,1357,4
20,0.2,0.8,1,1,1.5,83,1358,4
20,0.2,0.8,1,1,1.5,83,1359,4
20,0.2,0.8,1,1,1.5,83,1360,4
20,0.2,0.8,1,1,1.5,83,1361,4
20,0.2,0.8,1,1,1.5,83,1362,4
20,0.2,0.8,1,1,1.5,83,1363,4
20,0.2,0.8,1,1,1.5,83,1364,4
20,0.2,0.8,1,1,1.5,83,1365,5
20,0.2,0.8,1,1,1.5,83,1366,4
20,0.2,0.8,1,1,1.5,83,1367,4
20,0.2,0.8,1,1,1.5,83,1368,4
20,0.2,0.8,1,1,1.5,83,1369,4
20,0.2,0.8,1,1,1.5,83,1370,4
20,0.2,0.8,1,1,1.5,83,1371,4
20,0.2,0.8,1,1,1.5,83,1372,4
20,0.2,0.8,1,1,1.5,83,1373,4
20,0.2,0.8,1,1,1.5,83,1374,3
20,0.2,0.8,1,1,1.5,83,1375,3
20,0.2,0.8,1,1,1.5,83,1376,4
20,0.2,0.8,1,1,1.5,83,1377,5
20,0.2,0.8,1,1,1.5,83,1378,4
20,0.2,0.8,1,1,1.5,83,1379,3
20,0.2,0.8,1,1,1.5,83,1380,3
20,0.2,0.8,1,1,1.5,83,1381,4
20,0.2,0.8,1,1,1.5,83,1382,4
20,0.2,0.8,1,1,1.5,83,1383,4
20,0.2,0.8,1,1,1.5,83,1384,4
20,0.2,0.8,1,1,1.5,83,1385,4
20,0.2,0.8,1,1,1.5,83,1386,3
20,0.2,0.8,1,1,1.5,83,1387,3
20,0.2,0.8,1,1,1.5,83,1388,3
20,0.2,0.8,1,1,1.5,83,1389,5
20,0.2,0.8,1,1,1.5,83,1390,3
20,0.2,0.8,1,1,1.5,83,1391,4
20,0.2,0.8,1,1,1.5,83,1392,4
20,0.2,0.8,1,1,1.5,83,1393,4
20,0.2,0.8,1,1,1.5,83,1394,3
20,0.2,0.8,1,1,1.5,83,1395,4
20,0.2,0.8,1,1,1.5,83,1396,4
20,0.2,0.8,1,1,1.5,83,1397,4
20,0.2,0.8,1,1,1.5,83,1398,6
20,0.2,0.8,1,1,1.5,83,1399,4
20,0.2,0.8,1,1,1.5,83,1400,3
20,0.2,0.8,1,1,1.5,83,1401,3
20,0.2,0.8,1,1,1.5,83,1402,4
20,0.2,0.8,1,1,1.5,83,1403,5
20,0.2,0.8,1,1,1.5,83,1404,4
20,0.2,0.8,1,1,1.5,83,1405,3
20,0.2,0.8,1,1,1.5,83,1406,4
20,0.2,0.8,1,1,1.5,83,1407,4
20,0.2,0.8,1,1,1.5,83,1408,4
20,0.2,0.8,1,1,1.5,83,1409,3
20,0.2,0.8,1,1,1.5,83,1410,4
20,0.2,0.8,1,1,1.5,83,1411,4
20,0.2,0.8,1,1,1.5,83,1412,5
20,0.2,0.8,1,1,1.5,83,1413,4
20,0.2,0.8,1,1,1.5,83,1414,3
20,0.2,0.8,1,1,1.5,83,1415,4
20,0.2,0.8,1,1,1.5,83,1416,5
20,0.2,0.8,1,1,1.5,83,1417,4
20,0.2,0.8,1,1,1.5,83,1418,4
20,0.2,0.8,1,1,1.5,83,1419,4
20,0.2,0.8,1,1,1.5,83,1420,3
20,0.2,0.8,1,1,1.5,83,1421,4
20,0.2,0.8,1,1,1.5,83,1422,4
20,0.2,0.8,1,1,1.5,83,1423,5
20,0.2,0.8,1,1,1.5,83,1424,4
20,0.2,0.8,1,1,1.5,83,1425,4
20,0.2,0.8,1,1,1.5,83,1426,4
20,0.2,0.8,1,1,1.5,83,1427,4
20,0.2,0.8,1,1,1.5,83,1428,3
20,0.2,0.8,1,1,1.5,83,1429,4
20,0.2,0.8,1,1,1.5,83,1430,4
20,0.2,0.8,1,1,1.5,83,1431,3
20,0.2,0.8,1,1,1.5,83,1432,3
20,0.2,0.8,1,1,1.5,83,1433,4
20,0.2,0.8,1,1,1.5,83,1434,3
20,0.2,0.8,1,1,1.5,83,1435,4
20,0.2,0.8,1,1,1.5,83,1436,3
20,0.2,0.8,1,1,1.5,83,1437,4
20,0.2,0.8,1,1,1.5,83,1438,4
20,0.2,0.8,1,1,1.5,83,1439,4
20,0.2,0.8,1,1,1.5,83,1440,3
20,0.2,0.8,1,1,1.5,83,1441,4
20,0.2,0.8,1,1,1.5,83,1442,4
20,0.2,0.8,1,1,1.5,83,1443,4
20,0.2,0.8,1,1,1.5,83,1444,4
20,0.2,0.8,1,1,1.5,83,1445,4
20,0.2,0.8,1,1,1.5,83,1446,4
20,0.2,0.8,1,1,1.5,83,1447,4
20,0.2,0.8,1,1,1.5,83,1448,4
20,0.2,0.8,1,1,1.5,83,1449,4
20,0.2,0.8,1,1,1.5,83,1450,4
20,0.2,0.8,1,1,1.5,83,1451,3
20,0.2,0.8,1,1,1.5,83,1452,4
20,0.2,0.8,1,1,1.5,83,1453,5
20,0.2,0.8,1,1,1.5,83,1454,3
20,0.2,0.8,1,1,1.5,83,1455,3
20,0.2,0.8,1,1,1.5,83,1456,4
20,0.2,0.8,1,1,1.5,83,1457,4
20,0.2,0.8,1,1,1.5,83,1458,4
20,0.2,0.8,1,1,1.5,83,1459,4
20,0.2,0.8,1,1,1.5,83,1460,4
20,0.2,0.8,1,1,1.5,83,1461,4
20,0.2,0.8,1,1,1.5,83,1462,4
20,0.2,0.8,1,1,1.5,83,1463,4
20,0.2,0.8,1,1,1.5,83,1464,4
20,0.2,0.8,1,1,1.5,83,1465,5
20,0.2,0.8,1,1,1.5,83,1466,4
20,0.2,0.8,1,1,1.5,83,1467,4
20,0.2,0.8,1,1,1.5,83,1468,4
20,0.2,0.8,1,1,1.5,83,1469,4
20,0.2,0.8,1,1,1.5,83,1470,4
20,0.2,0.8,1,1,1.5,83,1471,4
20,0.2,0.8,1,1,1.5,83,1472,3
20,0.2,0.8,1,1,1.5,83,1473,4
20,0.2,0.8,1,1,1.5,83,1474,3
20,0.2,0.8,1,1,1.5,83,1475,4
20,0.2,0.8,1,1,1.5,83,1476,4
20,0.2,0.8,1,1,1.5,83,1477,4
20,0.2,0.8,1,1,1.5,83,1478,4
20,0.2,0.8,1,1,1.5,83,1479,4
20,0.2,0.8,1,1,1.5,83,1480,4
20,0.2,0.8,1,1,1.5,83,1481,5
20,0.2,0.8,1,1,1.5,83,1482,4
20,0.2,0.8,1,1,1.5,83,1483,4
20,0.2,0.8,1,1,1.5,83,1484,4
20,0.2,0.8,1,1,1.5,83,1485,3
20,0.2,0.8,1,1,1.5,83,1486,4
20,0.2,0.8,1,1,1.5,83,1487,3
20,0.2,0.8,1,1,1.5,83,1488,4
20,0.2,0.8,1,1,1.5,83,1489,3
20,0.2,0.8,1,1,1.5,83,1490,4
20,0.2,0.8,1,1,1.5,83,1491,4
20,0.2,0.8,1,1,1.5,83,1492,4
20,0.2,0.8,1,1,1.5,83,1493,5
20,0.2,0.8,1,1,1.5,83,1494,4
20,0.2,0.8,1,1,1.5,83,1495,4
20,0.2,0.8,1,1,1.5,83,1496,3
20,0.2,0.8,1,1,1.5,83,1497,3
20,0.2,0.8,1,1,1.5,83,1498,3
20,0.2,0.8,1,1,1.5,83,1499,4
20,0.2,0.8,1,1,1.5,83,1500,3
20,0.2,0.8,1,1,1.5,83,1501,4
20,0.2,0.8,1,1,1.5,83,1502,3
20,0.2,0.8,1,1,1.5,83,1503,4
20,0.2,0.8,1,1,1.5,83,1504,4
20,0.2,0.8,1,1,1.5,83,1505,4
20,0.2,0.8,1,1,1.5,83,1506,5
20,0.2,0.8,1,1,1.5,83,1507,3
20,0.2,0.8,1,1,1.5,83,1508,4
20,0.2,0.8,1,1,1.5,83,1509,4
20,0.2,0.8,1,1,1.5,83,1510,3
20,0.2,0.8,1,1,1.5,83,1511,5
20,0.2,0.8,1,1,1.5,83,1512,3
20,0.2,0.8,1,1,1.5,83,1513,5
20,0.2,0.8,1,1,1.5,83,1514,4
20,0.2,0.8,1,1,1.5,83,1515,4
20,0.2,0.8,1,1,1.5,83,1516,4
20,0.2,0.8,1,1,1.5,83,1517,3
20,0.2,0.8,1,1,1.5,83,1518,3
20,0.2,0.8,1,1,1.5,83,1519,3
20,0.2,0.8,1,1,1.5,83,1520,4
20,0.2,0.8,1,1,1.5,83,1521,3
20,0.2,0.8,1,1,1.5,83,1522,4
20,0.2,0.8,1,1,1.5,83,1523,4
20,0.2,0.8,1,1,1.5,83,1524,5
20,0.2,0.8,1,1,1.5,83,1525,4
20,0.2,0.8,1,1,1.5,83,1526,4
20,0.2,0.8,1,1,1.5,83,1527,3
20,0.2,0.8,1,1,1.5,83,1528,3
20,0.2,0.8,1,1,1.5,83,1529,4
20,0.2,0.8,1,1,1.5,83,1530,3
20,0.2,0.8,1,1,1.5,83,1531,4
20,0.2,0.8,1,1,1.5,83,1532,3
20,0.2,0.8,1,1,1.5,83,1533,4
20,0.2,0.8,1,1,1.5,83,1534,4
20,0.2,0.8,1,1,1.5,83,1535,3
20,0.2,0.8,1,1,1.5,83,1536,3
20,0.2,0.8,1,1,1.5,83,1537,3
20,0.2,0.8,1,1,1.5,83,1538,4
20,0.2,0.8,1,1,1.5,83,1539,3
20,0.2,0.8,1,1,1.5,83,1540,3
20,0.2,0.8,1,1,1.5,83,1541,4
20,0.2,0.8,1,1,1.5,83,1542,4
20,0.2,0.8,1,1,1.5,83,1543,4
20,0.2,0.8,1,1,1.5,83,1544,4
20,0.2,0.8,1,1,1.5,83,1545,5
20,0.2,0.8,1,1,1.5,83,1546,4
20,0.2,0.8,1,1,1.5,83,1547,4
20,0.2,0.8,1,1,1.5,83,1548,4
20,0.2,0.8,1,1,1.5,83,1549,3
20,0.2,0.8,1,1,1.5,83,1550,3
20,0.2,0.8,1,1,1.5,83,1551,4
20,0.2,0.8,1,1,1.5,83,1552,4
20,0.2,0.8,1,1,1.5,83,1553,4
20,0.2,0.8,1,1,1.5,83,1554,4
20,0.2,0.8,1,1,1.5,83,1555,4
20,0.2,0.8,1,1,1.5,83,1556,4
20,0.2,0.8,1,1,1.5,83,1557,4
20,0.2,0.8,1,1,1.5,83,1558,4
20,0.2,0.8,1,1,1.5,83,1559,4
20,0.2,0.8,1,1,1.5,83,1560,4
20,0.2,0.8,1,1,1.5,83,1561,4
20,0.2,0.8,1,1,1.5,83,1562,4
20,0.2,0.8,1,1,1.5,83,1563,3
20,0.2,0.8,1,1,1.5,83,1564,4
20,0.2,0.8,1,1,1.5,83,1565,5
20,0.2,0.8,1,1,1.5,83,1566,4
20,0.2,0.8,1,1,1.5,83,1567,5
20,0.2,0.8,1,1,1.5,83,1568,3
20,0.2,0.8,1,1,1.5,83,1569,3
20,0.2,0.8,1,1,1.5,83,1570,4
20,0.2,0.8,1,1,1.5,83,1571,3
20,0.2,0.8,1,1,1.5,83,1572,4
20,0.2,0.8,1,1,1.5,83,1573,4
20,0.2,0.8,1,1,1.5,83,1574,3
20,0.2,0.8,1,1,1.5,83,1575,3
20,0.2,0.8,1,1,1.5,83,1576,4
20,0.2,0.8,1,1,1.5,83,1577,4
20,0.2,0.8,1,1,1.5,83,1578,3
20,0.2,0.8,1,1,1.5,83,1579,3
20,0.2,0.8,1,1,1.5,83,1580,4
20,0.2,0.8,1,1,1.5,83,1581,4
20,0.2,0.8,1,1,1.5,83,1582,4
20,0.2,0.8,1,1,1.5,83,1583,3
20,0.2,0.8,1,1,1.5,83,1584,4
20,0.2,0.8,1,1,1.5,83,1585,4
20,0.2,0.8,1,1,1.5,83,1586,4
20,0.2,0.8,1,1,1.5,83,1587,3
20,0.2,0.8,1,1,1.5,83,1588,4
20,0.2,0.8,1,1,1.5,83,1589,3
20,0.2,0.8,1,1,1.5,83,1590,3
20,0.2,0.8,1,1,1.5,83,1591,4
20,0.2,0.8,1,1,1.5,83,1592,4
20,0.2,0.8,1,1,1.5,83,1593,4
20,0.2,0.8,1,1,1.5,83,1594,4
20,0.2,0.8,1,1,1.5,83,1595,5
20,0.2,0.8,1,1,1.5,83,1596,3
20,0.2,0.8,1,1,1.5,83,1597,3
20,0.2,0.8,1,1,1.5,83,1598,4
20,0.2,0.8,1,1,1.5,83,1599,4
20,0.2,0.8,1,1,1.5,83,1600,4
20,0.2,0.8,1,1,1.5,83,1601,4
20,0.2,0.8,1,1,1.5,83,1602,3
20,0.2,0.8,1,1,1.5,83,1603,5
20,0.2,0.8,1,1,1.5,83,1604,4
20,0.2,0.8,1,1,1.5,83,1605,4
20,0.2,0.8,1,1,1.5,83,1606,4
20,0.2,0.8,1,1,1.5,83,1607,4
20,0.2,0.8,1,1,1.5,83,1608,5
20,0.2,0.8,1,1,1.5,83,1609,5
20,0.2,0.8,1,1,1.5,83,1610,4
20,0.2,0.8,1,1,1.5,83,1611,4
20,0.2,0.8,1,1,1.5,83,1612,4
20,0.2,0.8,1,1,1.5,83,1613,4
20,0.2,0.8,1,1,1.5,83,1614,4
20,0.2,0.8,1,1,1.5,83,1615,4
20,0.2,0.8,1,1,1.5,83,1616,3
20,0.2,0.8,1,1,1.5,83,1617,4
20,0.2,0.8,1,1,1.5,83,1618,4
20,0.2,0.8,1,1,1.5,83,1619,3
20,0.2,0.8,1,1,1.5,83,1620,4
20,0.2,0.8,1,1,1.5,83,1621,5
20,0.2,0.8,1,1,1.5,83,1622,4
20,0.2,0.8,1,1,1.5,83,1623,3
20,0.2,0.8,1,1,1.5,83,1624,4
20,0.2,0.8,1,1,1.5,83,1625,3
20,0.2,0.8,1,1,1.5,83,1626,3
20,0.2,0.8,1,1,1.5,83,1627,3
20,0.2,0.8,1,1,1.5,83,1628,4
20,0.2,0.8,1,1,1.5,83,1629,4
20,0.2,0.8,1,1,1.5,83,1630,3
20,0.2,0.8,1,1,1.5,83,1631,3
20,0.2,0.8,1,1,1.5,83,1632,3
20,0.2,0.8,1,1,1.5,83,1633,3
20,0.2,0.8,1,1,1.5,83,1634,3
20,0.2,0.8,1,1,1.5,83,1635,3
20,0.2,0.8,1,1,1.5,83,1636,4
20,0.2,0.8,1,1,1.5,83,1637,4
20,0.2,0.8,1,1,1.5,83,1638,4
20,0.2,0.8,1,1,1.5,83,1639,4
20,0.2,0.8,1,1,1.5,83,1640,3
20,0.2,0.8,1,1,1.5,83,1641,4
20,0.2,0.8,1,1,1.5,83,1642,4
20,0.2,0.8,1,1,1.5,83,1643,4
20,0.2,0.8,1,1,1.5,83,1644,5
20,0.2,0.8,1,1,1.5,83,1645,4
20,0.2,0.8,1,1,1.5,83,1646,5
20,0.2,0.8,1,1,1.5,83,1647,4
20,0.2,0.8,1,1,1.5,83,1648,4
20,0.2,0.8,1,1,1.5,83,1649,4
20,0.2,0.8,1,1,1.5,83,1650,4
20,0.2,0.8,1,1,1.5,83,1651,3
20,0.2,0.8,1,1,1.5,83,1652,3
20,0.2,0.8,1,1,1.5,83,1653,4
20,0.2,0.8,1,1,1.5,83,1654,4
20,0.2,0.8,1,1,1.5,83,1655,3
20,0.2,0.8,1,1,1.5,83,1656,4
20,0.2,0.8,1,1,1.5,83,1657,3
20,0.2,0.8,1,1,1.5,83,1658,4
20,0.2,0.8,1,1,1.5,83,1659,3
20,0.2,0.8,1,1,1.5,83,1660,4
20,0.2,0.8,1,1,1.5,83,1661,4
20,0.2,0.8,1,1,1.5,83,1662,4
20,0.2,0.8,1,1,1.5,83,1663,4
20,0.2,0.8,1,1,1.5,83,1664,4
20,0.2,0.8,1,1,1.5,83,1665,4
20,0.2,0.8,1,1,1.5,83,1666,3
20,0.2,0.8,1,1,1.5,83,1667,4
20,0.2,0.8,1,1,1.5,83,1668,4
20,0.2,0.8,1,1,1.5,83,1669,4
20,0.2,0.8,1,1,1.5,83,1670,4
20,0.2,0.8,1,1,1.5,83,1671,4
20,0.2,0.8,1,1,1.5,83,1672,3
20,0.2,0.8,1,1,1.5,83,1673,3
20,0.2,0.8,1,1,1.5,83,1674,4
20,0.2,0.8,1,1,1.5,83,1675,4
20,0.2,0.8,1,1,1.5,83,1676,4
20,0.2,0.8,1,1,1.5,83,1677,4
20,0.2,0.8,1,1,1.5,83,1678,4
20,0.2,0.8,1,1,1.5,83,1679,4
20,0.2,0.8,1,1,1.5,83,1680,4
20,0.2,0.8,1,1,1.5,83,1681,4
20,0.2,0.8,1,1,1.5,83,1682,4
20,0.2,0.8,1,1,1.5,83,1683,4
20,0.2,0.8,1,1,1.5,83,1684,4
20,0.2,0.8,1,1,1.5,83,1685,4
20,0.2,0.8,1,1,1.5,83,1686,4
20,0.2,0.8,1,1,1.5,83,1687,4
20,0.2,0.8,1,1,1.5,83,1688,3
20,0.2,0.8,1,1,1.5,83,1689,4
20,0.2,0.8,1,1,1.5,83,1690,4
20,0.2,0.8,1,1,1.5,83,1691,4
20,0.2,0.8,1,1,1.5,83,1692,4
20,0.2,0.8,1,1,1.5,83,1693,4
20,0.2,0.8,1,1,1.5,83,1694,4
20,0.2,0.8,1,1,1.5,83,1695,4
20,0.2,0.8,1,1,1.5,83,1696,4
20,0.2,0.8,1,1,1.5,83,1697,4
20,0.2,0.8,1,1,1.5,83,1698,4
20,0.2,0.8,1,1,1.5,83,1699,4
20,0.2,0.8,1,1,1.5,83,1700,3
20,0.2,0.8,1,1,1.5,83,1701,4
20,0.2,0.8,1,1,1.5,83,1702,4
20,0.2,0.8,1,1,1.5,83,1703,3
20,0.2,0.8,1,1,1.5,83,1704,4
20,0.2,0.8,1,1,1.5,83,1705,4
20,0.2,0.8,1,1,1.5,83,1706,4
20,0.2,0.8,1,1,1.5,83,1707,4
20,0.2,0.8,1,1,1.5,83,1708,3
20,0.2,0.8,1,1,1.5,83,1709,3
20,0.2,0.8,1,1,1.5,83,1710,5
20,0.2,0.8,1,1,1.5,83,1711,3
20,0.2,0.8,1,1,1.5,83,1712,4
20,0.2,0.8,1,1,1.5,83,1713,5
20,0.2,0.8,1,1,1.5,83,1714,3
20,0.2,0.8,1,1,1.5,83,1715,3
20,0.2,0.8,1,1,1.5,83,1716,5
20,0.2,0.8,1,1,1.5,83,1717,4
20,0.2,0.8,1,1,1.5,83,1718,4
20,0.2,0.8,1,1,1.5,83,1719,4
20,0.2,0.8,1,1,1.5,83,1720,5
20,0.2,0.8,1,1,1.5,83,1721,4
20,0.2,0.8,1,1,1.5,83,1722,3
20,0.2,0.8,1,1,1.5,83,1723,3
20,0.2,0.8,1,1,1.5,83,1724,4
20,0.2,0.8,1,1,1.5,83,1725,4
20,0.2,0.8,1,1,1.5,83,1726,4
20,0.2,0.8,1,1,1.5,83,1727,5
20,0.2,0.8,1,1,1.5,83,1728,4
20,0.2,0.8,1,1,1.5,83,1729,4
20,0.2,0.8,1,1,1.5,83,1730,4
20,0.2,0.8,1,1,1.5,83,1731,4
20,0.2,0.8,1,1,1.5,83,1732,3
20,0.2,0.8,1,1,1.5,83,1733,4
20,0.2,0.8,1,1,1.5,83,1734,4
20,0.2,0.8,1,1,1.5,83,1735,5
20,0.2,0.8,1,1,1.5,83,1736,4
20,0.2,0.8,1,1,1.5,83,1737,4
20,0.2,0.8,1,1,1.5,83,1738,4
20,0.2,0.8,1,1,1.5,83,1739,4
20,0.2,0.8,1,1,1.5,83,1740,4
20,0.2,0.8,1,1,1.5,83,1741,4
20,0.2,0.8,1,1,1.5,83,1742,4
20,0.2,0.8,1,1,1.5,83,1743,3
20,0.2,0.8,1,1,1.5,83,1744,4
20,0.2,0.8,1,1,1.5,83,1745,4
20,0.2,0.8,1,1,1.5,83,1746,4
20,0.2,0.8,1,1,1.5,83,1747,4
20,0.2,0.8,1,1,1.5,83,1748,4
20,0.2,0.8,1,1,1.5,83,1749,4
20,0.2,0.8,1,1,1.5,83,1750,4
20,0.2,0.8,1,1,1.5,83,1751,4
20,0.2,0.8,1,1,1.5,83,1752,5
20,0.2,0.8,1,1,1.5,83,1753,4
20,0.2,0.8,1,1,1.5,83,1754,4
20,0.2,0.8,1,1,1.5,83,1755,4
20,0.2,0.8,1,1,1.5,83,1756,4
20,0.2,0.8,1,1,1.5,83,1757,3
20,0.2,0.8,1,1,1.5,83,1758,4
20,0.2,0.8,1,1,1.5,83,1759,4
20,0.2,0.8,1,1,1.5,83,1760,4
20,0.2,0.8,1,1,1.5,83,1761,5
20,0.2,0.8,1,1,1.5,83,1762,4
20,0.2,0.8,1,1,1.5,83,1763,4
20,0.2,0.8,1,1,1.5,83,1764,3
20,0.2,0.8,1,1,1.5,83,1765,3
20,0.2,0.8,1,1,1.5,83,1766,4
20,0.2,0.8,1,1,1.5,83,1767,3
20,0.2,0.8,1,1,1.5,83,1768,4
20,0.2,0.8,1,1,1.5,83,1769,3
20,0.2,0.8,1,1,1.5,83,1770,5
20,0.2,0.8,1,1,1.5,83,1771,4
20,0.2,0.8,1,1,1.5,83,1772,4
20,0.2,0.8,1,1,1.5,83,1773,4
20,0.2,0.8,1,1,1.5,83,1774,3
20,0.2,0.8,1,1,1.5,83,1775,4
20,0.2,0.8,1,1,1.5,83,1776,3
20,0.2,0.8,1,1,1.5,83,1777,4
20,0.2,0.8,1,1,1.5,83,1778,4
20,0.2,0.8,1,1,1.5,83,1779,4
20,0.2,0.8,1,1,1.5,83,1780,4
20,0.2,0.8,1,1,1.5,83,1781,4
20,0.2,0.8,1,1,1.5,83,1782,4
20,0.2,0.8,1,1,1.5,83,1783,4
20,0.2,0.8,1,1,1.5,83,1784,4
20,0.2,0.8,1,1,1.5,83,1785,4
20,0.2,0.8,1,1,1.5,83,1786,3
20,0.2,0.8,1,1,1.5,83,1787,4
20,0.2,0.8,1,1,1.5,83,1788,3
20,0.2,0.8,1,1,1.5,83,1789,4
20,0.2,0.8,1,1,1.5,83,1790,4
20,0.2,0.8,1,1,1.5,83,1791,4
20,0.2,0.8,1,1,1.5,83,1792,4
20,0.2,0.8,1,1,1.5,83,1793,4
20,0.2,0.8,1,1,1.5,83,1794,4
20,0.2,0.8,1,1,1.5,83,1795,3
20,0.2,0.8,1,1,1.5,83,1796,4
20,0.2,0.8,1,1,1.5,83,1797,4
20,0.2,0.8,1,1,1.5,83,1798,4
20,0.2,0.8,1,1,1.5,83,1799,4
20,0.2,0.8,1,1,1.5,83,1800,4
20,0.2,0.8,1,1,1.5,83,1801,3
20,0.2,0.8,1,1,1.5,83,1802,4
20,0.2,0.8,1,1,1.5,83,1803,3
20,0.2,0.8,1,1,1.5,83,1804,3
20,0.2,0.8,1,1,1.5,83,1805,3
20,0.2,0.8,1,1,1.5,83,1806,3
20,0.2,0.8,1,1,1.5,83,1807,4
20,0.2,0.8,1,1,1.5,83,1808,5
20,0.2,0.8,1,1,1.5,83,1809,4
20,0.2,0.8,1,1,1.5,83,1810,4
20,0.2,0.8,1,1,1.5,83,1811,4
20,0.2,0.8,1,1,1.5,83,1812,4
20,0.2,0.8,1,1,1.5,83,1813,4
20,0.2,0.8,1,1,1.5,83,1814,4
20,0.2,0.8,1,1,1.5,83,1815,4
20,0.2,0.8,1,1,1.5,83,1816,3
20,0.2,0.8,1,1,1.5,83,1817,4
20,0.2,0.8,1,1,1.5,83,1818,4
20,0.2,0.8,1,1,1.5,83,1819,4
20,0.2,0.8,1,1,1.5,83,1820,4
20,0.2,0.8,1,1,1.5,83,1821,4
20,0.2,0.8,1,1,1.5,83,1822,4
20,0.2,0.8,1,1,1.5,83,1823,5
20,0.2,0.8,1,1,1.5,83,1824,4
20,0.2,0.8,1,1,1.5,83,1825,5
20,0.2,0.8,1,1,1.5,83,1826,4
20,0.2,0.8,1,1,1.5,83,1827,4
20,0.2,0.8,1,1,1.5,83,1828,4
20,0.2,0.8,1,1,1.5,83,1829,4
20,0.2,0.8,1,1,1.5,83,1830,5
20,0.2,0.8,1,1,1.5,83,1831,4
20,0.2,0.8,1,1,1.5,83,1832,4
20,0.2,0.8,1,1,1.5,83,1833,3
20,0.2,0.8,1,1,1.5,83,1834,4
20,0.2,0.8,1,1,1.5,83,1835,4
20,0.2,0.8,1,1,1.5,83,1836,4
20,0.2,0.8,1,1,1.5,83,1837,3
20,0.2,0.8,1,1,1.5,83,1838,4
20,0.2,0.8,1,1,1.5,83,1839,4
20,0.2,0.8,1,1,1.5,83,1840,3
20,0.2,0.8,1,1,1.5,83,1841,4
20,0.2,0.8,1,1,1.5,83,1842,4
20,0.2,0.8,1,1,1.5,83,1843,4
20,0.2,0.8,1,1,1.5,83,1844,3
20,0.2,0.8,1,1,1.5,83,1845,3
20,0.2,0.8,1,1,1.5,83,1846,3
20,0.2,0.8,1,1,1.5,83,1847,4
20,0.2,0.8,1,1,1.5,83,1848,4
20,0.2,0.8,1,1,1.5,83,1849,4
20,0.2,0.8,1,1,1.5,83,1850,4
20,0.2,0.8,1,1,1.5,83,1851,4
20,0.2,0.8,1,1,1.5,83,1852,4
20,0.2,0.8,1,1,1.5,83,1853,5
20,0.2,0.8,1,1,1.5,83,1854,4
20,0.2,0.8,1,1,1.5,83,1855,4
20,0.2,0.8,1,1,1.5,83,1856,5
20,0.2,0.8,1,1,1.5,83,1857,3
20,0.2,0.8,1,1,1.5,83,1858,3
20,0.2,0.8,1,1,1.5,83,1859,3
20,0.2,0.8,1,1,1.5,83,1860,4
20,0.2,0.8,1,1,1.5,83,1861,3
20,0.2,0.8,1,1,1.5,83,1862,4
20,0.2,0.8,1,1,1.5,83,1863,3
20,0.2,0.8,1,1,1.5,83,1864,5
20,0.2,0.8,1,1,1.5,83,1865,4
20,0.2,0.8,1,1,1.5,83,1866,3
20,0.2,0.8,1,1,1.5,83,1867,3
20,0.2,0.8,1,1,1.5,83,1868,3
20,0.2,0.8,1,1,1.5,83,1869,3
20,0.2,0.8,1,1,1.5,83,1870,3
20,0.2,0.8,1,1,1.5,83,1871,4
20,0.2,0.8,1,1,1.5,83,1872,5
20,0.2,0.8,1,1,1.5,83,1873,4
20,0.2,0.8,1,1,1.5,83,1874,4
20,0.2,0.8,1,1,1.5,83,1875,4
20,0.2,0.8,1,1,1.5,83,1876,3
20,0.2,0.8,1,1,1.5,83,1877,4
20,0.2,0.8,1,1,1.5,83,1878,4
20,0.2,0.8,1,1,1.5,83,1879,4
20,0.2,0.8,1,1,1.5,83,1880,4
20,0.2,0.8,1,1,1.5,83,1881,4
20,0.2,0.8,1,1,1.5,83,1882,3
20,0.2,0.8,1,1,1.5,83,1883,4
20,0.2,0.8,1,1,1.5,83,1884,3
20,0.2,0.8,1,1,1.5,83,1885,4
20,0.2,0.8,1,1,1.5,83,1886,4
20,0.2,0.8,1,1,1.5,83,1887,4
20,0.2,0.8,1,1,1.5,83,1888,4
20,0.2,0.8,1,1,1.5,83,1889,4
20,0.2,0.8,1,1,1.5,83,1890,4
20,0.2,0.8,1,1,1.5,83,1891,4
20,0.2,0.8,1,1,1.5,83,1892,4
20,0.2,0.8,1,1,1.5,83,1893,3
20,0.2,0.8,1,1,1.5,83,1894,3
20,0.2,0.8,1,1,1.5,83,1895,4
20,0.2,0.8,1,1,1.5,83,1896,3
20,0.2,0.8,1,1,1.5,83,1897,4
20,0.2,0.8,1,1,1.5,83,1898,4
20,0.2,0.8,1,1,1.5,83,1899,3
20,0.2,0.8,1,1,1.5,83,1900,4
20,0.2,0.8,1,1,1.5,83,1901,3
20,0.2,0.8,1,1,1.5,83,1902,4
20,0.2,0.8,1,1,1.5,83,1903,3
20,0.2,0.8,1,1,1.5,83,1904,4
20,0.2,0.8,1,1,1.5,83,1905,5
20,0.2,0.8,1,1,1.5,83,1906,5
20,0.2,0.8,1,1,1.5,83,1907,4
20,0.2,0.8,1,1,1.5,83,1908,5
20,0.2,0.8,1,1,1.5,83,1909,4
20,0.2,0.8,1,1,1.5,83,1910,4
20,0.2,0.8,1,1,1.5,83,1911,4
20,0.2,0.8,1,1,1.5,83,1912,4
20,0.2,0.8,1,1,1.5,83,1913,4
20,0.2,0.8,1,1,1.5,83,1914,4
20,0.2,0.8,1,1,1.5,83,1915,3
20,0.2,0.8,1,1,1.5,83,1916,4
20,0.2,0.8,1,1,1.5,83,1917,4
20,0.2,0.8,1,1,1.5,83,1918,4
20,0.2,0.8,1,1,1.5,83,1919,3
20,0.2,0.8,1,1,1.5,83,1920,4
20,0.2,0.8,1,1,1.5,83,1921,5
20,0.2,0.8,1,1,1.5,83,1922,4
20,0.2,0.8,1,1,1.5,83,1923,3
20,0.2,0.8,1,1,1.5,83,1924,3
20,0.2,0.8,1,1,1.5,83,1925,4
20,0.2,0.8,1,1,1.5,83,1926,3
20,0.2,0.8,1,1,1.5,83,1927,4
20,0.2,0.8,1,1,1.5,83,1928,4
20,0.2,0.8,1,1,1.5,83,1929,3
20,0.2,0.8,1,1,1.5,83,1930,4
20,0.2,0.8,1,1,1.5,83,1931,4
20,0.2,0.8,1,1,1.5,83,1932,4
20,0.2,0.8,1,1,1.5,83,1933,5
20,0.2,0.8,1,1,1.5,83,1934,4
20,0.2,0.8,1,1,1.5,83,1935,4
20,0.2,0.8,1,1,1.5,83,1936,4
20,0.2,0.8,1,1,1.5,83,1937,4
20,0.2,0.8,1,1,1.5,83,1938,4
20,0.2,0.8,1,1,1.5,83,1939,4
20,0.2,0.8,1,1,1.5,83,1940,4
20,0.2,0.8,1,1,1.5,83,1941,3
20,0.2,0.8,1,1,1.5,83,1942,4
20,0.2,0.8,1,1,1.5,83,1943,3
20,0.2,0.8,1,1,1.5,83,1944,3
20,0.2,0.8,1,1,1.5,83,1945,4
20,0.2,0.8,1,1,1.5,83,1946,4
20,0.2,0.8,1,1,1.5,83,1947,3
20,0.2,0.8,1,1,1.5,83,1948,4
20,0.2,0.8,1,1,1.5,83,1949,3
20,0.2,0.8,1,1,1.5,83,1950,4
20,0.2,0.8,1,1,1.5,83,1951,3
20,0.2,0.8,1,1,1.5,83,1952,5
20,0.2,0.8,1,1,1.5,83,1953,4
20,0.2,0.8,1,1,1.5,83,1954,4
20,0.2,0.8,1,1,1.5,83,1955,4
20,0.2,0.8,1,1,1.5,83,1956,4
20,0.2,0.8,1,1,1.5,83,1957,4
20,0.2,0.8,1,1,1.5,83,1958,3
20,0.2,0.8,1,1,1.5,83,1959,4
20,0.2,0.8,1,1,1.5,83,1960,4
20,0.2,0.8,1,1,1.5,83,1961,4
20,0.2,0.8,1,1,1.5,83,1962,3
20,0.2,0.8,1,1,1.5,83,1963,3
20,0.2,0.8,1,1,1.5,83,1964,4
20,0.2,0.8,1,1,1.5,83,1965,4
20,0.2,0.8,1,1,1.5,83,1966,3
20,0.2,0.8,1,1,1.5,83,1967,3
20,0.2,0.8,1,1,1.5,83,1968,5
20,0.2,0.8,1,1,1.5,83,1969,3
20,0.2,0.8,1,1,1.5,83,1970,3
20,0.2,0.8,1,1,1.5,83,1971,5
20,0.2,0.8,1,1,1.5,83,1972,4
20,0.2,0.8,1,1,1.5,83,1973,4
20,0.2,0.8,1,1,1.5,83,1974,3
20,0.2,0.8,1,1,1.5,83,1975,4
20,0.2,0.8,1,1,1.5,83,1976,3
20,0.2,0.8,1,1,1.5,83,1977,4
20,0.2,0.8,1,1,1.5,83,1978,4
20,0.2,0.8,1,1,1.5,83,1979,4
20,0.2,0.8,1,1,1.5,83,1980,4
20,0.2,0.8,1,1,1.5,83,1981,4
20,0.2,0.8,1,1,1.5,83,1982,4
20,0.2,0.8,1,1,1.5,83,1983,5
20,0.2,0.8,1,1,1.5,83,1984,4
20,0.2,0.8,1,1,1.5,83,1985,4
20,0.2,0.8,1,1,1.5,83,1986,4
20,0.2,0.8,1,1,1.5,83,1987,4
20,0.2,0.8,1,1,1.5,83,1988,4
20,0.2,0.8,1,1,1.5,83,1989,4
20,0.2,0.8,1,1,1.5,83,1990,4
20,0.2,0.8,1,1,1.5,83,1991,3
20,0.2,0.8,1,1,1.5,83,1992,4
20,0.2,0.8,1,1,1.5,83,1993,4
20,0.2,0.8,1,1,1.5,83,1994,4
20,0.2,0.8,1,1,1.5,83,1995,4
20,0.2,0.8,1,1,1.5,83,1996,4
20,0.2,0.8,1,1,1.5,83,1997,4
20,0.2,0.8,1,1,1.5,83,1998,4
20,0.2,0.8,1,1,1.5,83,1999,3
